"","Sampler","RasRes"
"1",1,945.56
"2",1,945.56
"3",1,945.56
"4",1,945.56
"5",1,945.56
"6",1,945.56
"7",1,945.56
"8",1,945.56
"9",1,945.56
"10",1,945.56
"11",1,945.56
"12",1,945.56
"13",1,945.56
"14",1,945.56
"15",1,945.56
"16",1,945.56
"17",1,945.56
"18",1,945.56
"19",1,945.56
"20",1,945.56
"21",1,410.970000000001
"22",1,410.970000000001
"23",1,410.970000000001
"24",1,410.970000000001
"25",1,410.970000000001
"26",1,410.970000000001
"27",1,410.970000000001
"28",1,410.970000000001
"29",1,410.970000000001
"30",1,410.970000000001
"31",1,410.970000000001
"32",1,410.970000000001
"33",1,410.970000000001
"34",1,410.970000000001
"35",1,410.970000000001
"36",1,410.970000000001
"37",1,410.970000000001
"38",1,410.970000000001
"39",1,410.970000000001
"40",1,410.970000000001
"41",1,930.210000000001
"42",1,930.210000000001
"43",1,930.210000000001
"44",1,930.210000000001
"45",1,930.210000000001
"46",1,930.210000000001
"47",1,930.210000000001
"48",1,930.210000000001
"49",1,930.210000000001
"50",1,930.210000000001
"51",1,930.210000000001
"52",1,930.210000000001
"53",1,930.210000000001
"54",1,930.210000000001
"55",1,930.210000000001
"56",1,930.210000000001
"57",1,930.210000000001
"58",1,930.210000000001
"59",1,930.210000000001
"60",1,930.210000000001
"61",1,939.42
"62",1,939.42
"63",1,939.42
"64",1,939.42
"65",1,939.42
"66",1,939.42
"67",1,939.42
"68",1,939.42
"69",1,939.42
"70",1,939.42
"71",1,939.42
"72",1,939.42
"73",1,939.42
"74",1,939.42
"75",1,939.42
"76",1,939.42
"77",1,939.42
"78",1,939.42
"79",1,939.42
"80",1,939.42
"81",1,353.399999999999
"82",1,353.399999999999
"83",1,353.399999999999
"84",1,353.399999999999
"85",1,353.399999999999
"86",1,353.399999999999
"87",1,353.399999999999
"88",1,353.399999999999
"89",1,353.399999999999
"90",1,353.399999999999
"91",1,353.399999999999
"92",1,353.399999999999
"93",1,353.399999999999
"94",1,353.399999999999
"95",1,353.399999999999
"96",1,353.399999999999
"97",1,353.399999999999
"98",1,353.399999999999
"99",1,353.399999999999
"100",1,353.399999999999
"101",1,334.8
"102",1,334.8
"103",1,334.8
"104",1,334.8
"105",1,334.8
"106",1,334.8
"107",1,334.8
"108",1,334.8
"109",1,334.8
"110",1,334.8
"111",1,334.8
"112",1,334.8
"113",1,334.8
"114",1,334.8
"115",1,334.8
"116",1,334.8
"117",1,334.8
"118",1,334.8
"119",1,334.8
"120",1,334.8
"121",1,847.000000000001
"122",1,847.000000000001
"123",1,847.000000000001
"124",1,847.000000000001
"125",1,847.000000000001
"126",1,847.000000000001
"127",1,847.000000000001
"128",1,847.000000000001
"129",1,847.000000000001
"130",1,847.000000000001
"131",1,847.000000000001
"132",1,847.000000000001
"133",1,847.000000000001
"134",1,847.000000000001
"135",1,847.000000000001
"136",1,847.000000000001
"137",1,847.000000000001
"138",1,847.000000000001
"139",1,847.000000000001
"140",1,847.000000000001
"141",1,353.399999999999
"142",1,353.399999999999
"143",1,353.399999999999
"144",1,353.399999999999
"145",1,353.399999999999
"146",1,353.399999999999
"147",1,353.399999999999
"148",1,353.399999999999
"149",1,353.399999999999
"150",1,353.399999999999
"151",1,353.399999999999
"152",1,353.399999999999
"153",1,353.399999999999
"154",1,353.399999999999
"155",1,353.399999999999
"156",1,353.399999999999
"157",1,353.399999999999
"158",1,353.399999999999
"159",1,353.399999999999
"160",1,353.399999999999
"161",1,633.45
"162",1,633.45
"163",1,633.45
"164",1,633.45
"165",1,633.45
"166",1,633.45
"167",1,633.45
"168",1,633.45
"169",1,633.45
"170",1,633.45
"171",1,633.45
"172",1,633.45
"173",1,633.45
"174",1,633.45
"175",1,633.45
"176",1,633.45
"177",1,633.45
"178",1,633.45
"179",1,633.45
"180",1,633.45
"181",1,828.52
"182",1,828.52
"183",1,828.52
"184",1,828.52
"185",1,828.52
"186",1,828.52
"187",1,828.52
"188",1,828.52
"189",1,828.52
"190",1,828.52
"191",1,828.52
"192",1,828.52
"193",1,828.52
"194",1,828.52
"195",1,828.52
"196",1,828.52
"197",1,828.52
"198",1,828.52
"199",1,828.52
"200",1,828.52
"201",1,272.8
"202",1,272.8
"203",1,272.8
"204",1,272.8
"205",1,272.8
"206",1,272.8
"207",1,272.8
"208",1,272.8
"209",1,272.8
"210",1,272.8
"211",1,272.8
"212",1,272.8
"213",1,272.8
"214",1,272.8
"215",1,272.8
"216",1,272.8
"217",1,272.8
"218",1,272.8
"219",1,272.8
"220",1,272.8
"221",1,556.200000000002
"222",1,556.200000000002
"223",1,556.200000000002
"224",1,556.200000000002
"225",1,556.200000000002
"226",1,556.200000000002
"227",1,556.200000000002
"228",1,556.200000000002
"229",1,556.200000000002
"230",1,556.200000000002
"231",1,556.200000000002
"232",1,556.200000000002
"233",1,556.200000000002
"234",1,556.200000000002
"235",1,556.200000000002
"236",1,556.200000000002
"237",1,556.200000000002
"238",1,556.200000000002
"239",1,556.200000000002
"240",1,556.200000000002
"241",1,794.64
"242",1,794.64
"243",1,794.64
"244",1,794.64
"245",1,794.64
"246",1,794.64
"247",1,794.64
"248",1,794.64
"249",1,794.64
"250",1,794.64
"251",1,794.64
"252",1,794.64
"253",1,794.64
"254",1,794.64
"255",1,794.64
"256",1,794.64
"257",1,794.64
"258",1,794.64
"259",1,794.64
"260",1,794.64
"261",1,568.560000000002
"262",1,568.560000000002
"263",1,568.560000000002
"264",1,568.560000000002
"265",1,568.560000000002
"266",1,568.560000000002
"267",1,568.560000000002
"268",1,568.560000000002
"269",1,568.560000000002
"270",1,568.560000000002
"271",1,568.560000000002
"272",1,568.560000000002
"273",1,568.560000000002
"274",1,568.560000000002
"275",1,568.560000000002
"276",1,568.560000000002
"277",1,568.560000000002
"278",1,568.560000000002
"279",1,568.560000000002
"280",1,568.560000000002
"281",1,776.159999999999
"282",1,776.159999999999
"283",1,776.159999999999
"284",1,776.159999999999
"285",1,776.159999999999
"286",1,776.159999999999
"287",1,776.159999999999
"288",1,776.159999999999
"289",1,776.159999999999
"290",1,776.159999999999
"291",1,776.159999999999
"292",1,776.159999999999
"293",1,776.159999999999
"294",1,776.159999999999
"295",1,776.159999999999
"296",1,776.159999999999
"297",1,776.159999999999
"298",1,776.159999999999
"299",1,776.159999999999
"300",1,776.159999999999
"301",1,914.859999999999
"302",1,914.859999999999
"303",1,914.859999999999
"304",1,914.859999999999
"305",1,914.859999999999
"306",1,914.859999999999
"307",1,914.859999999999
"308",1,914.859999999999
"309",1,914.859999999999
"310",1,914.859999999999
"311",1,914.859999999999
"312",1,914.859999999999
"313",1,914.859999999999
"314",1,914.859999999999
"315",1,914.859999999999
"316",1,914.859999999999
"317",1,914.859999999999
"318",1,914.859999999999
"319",1,914.859999999999
"320",1,914.859999999999
"321",1,528.389999999998
"322",1,528.389999999998
"323",1,528.389999999998
"324",1,528.389999999998
"325",1,528.389999999998
"326",1,528.389999999998
"327",1,528.389999999998
"328",1,528.389999999998
"329",1,528.389999999998
"330",1,528.389999999998
"331",1,528.389999999998
"332",1,528.389999999998
"333",1,528.389999999998
"334",1,528.389999999998
"335",1,528.389999999998
"336",1,528.389999999998
"337",1,528.389999999998
"338",1,528.389999999998
"339",1,528.389999999998
"340",1,528.389999999998
"341",1,384.4
"342",1,384.4
"343",1,384.4
"344",1,384.4
"345",1,384.4
"346",1,384.4
"347",1,384.4
"348",1,384.4
"349",1,384.4
"350",1,384.4
"351",1,384.4
"352",1,384.4
"353",1,384.4
"354",1,384.4
"355",1,384.4
"356",1,384.4
"357",1,384.4
"358",1,384.4
"359",1,384.4
"360",1,384.4
"361",1,556.199999999999
"362",1,556.199999999999
"363",1,556.199999999999
"364",1,556.199999999999
"365",1,556.199999999999
"366",1,556.199999999999
"367",1,556.199999999999
"368",1,556.199999999999
"369",1,556.199999999999
"370",1,556.199999999999
"371",1,556.199999999999
"372",1,556.199999999999
"373",1,556.199999999999
"374",1,556.199999999999
"375",1,556.199999999999
"376",1,556.199999999999
"377",1,556.199999999999
"378",1,556.199999999999
"379",1,556.199999999999
"380",1,556.199999999999
"381",1,899.359999999999
"382",1,899.359999999999
"383",1,899.359999999999
"384",1,899.359999999999
"385",1,899.359999999999
"386",1,899.359999999999
"387",1,899.359999999999
"388",1,899.359999999999
"389",1,899.359999999999
"390",1,899.359999999999
"391",1,899.359999999999
"392",1,899.359999999999
"393",1,899.359999999999
"394",1,899.359999999999
"395",1,899.359999999999
"396",1,899.359999999999
"397",1,899.359999999999
"398",1,899.359999999999
"399",1,899.359999999999
"400",1,899.359999999999
"401",1,500.580000000002
"402",1,500.580000000002
"403",1,500.580000000002
"404",1,500.580000000002
"405",1,500.580000000002
"406",1,500.580000000002
"407",1,500.580000000002
"408",1,500.580000000002
"409",1,500.580000000002
"410",1,500.580000000002
"411",1,500.580000000002
"412",1,500.580000000002
"413",1,500.580000000002
"414",1,500.580000000002
"415",1,500.580000000002
"416",1,500.580000000002
"417",1,500.580000000002
"418",1,500.580000000002
"419",1,500.580000000002
"420",1,500.580000000002
"421",1,843.920000000001
"422",1,843.920000000001
"423",1,843.920000000001
"424",1,843.920000000001
"425",1,843.920000000001
"426",1,843.920000000001
"427",1,843.920000000001
"428",1,843.920000000001
"429",1,843.920000000001
"430",1,843.920000000001
"431",1,843.920000000001
"432",1,843.920000000001
"433",1,843.920000000001
"434",1,843.920000000001
"435",1,843.920000000001
"436",1,843.920000000001
"437",1,843.920000000001
"438",1,843.920000000001
"439",1,843.920000000001
"440",1,843.920000000001
"441",1,921
"442",1,921
"443",1,921
"444",1,921
"445",1,921
"446",1,921
"447",1,921
"448",1,921
"449",1,921
"450",1,921
"451",1,921
"452",1,921
"453",1,921
"454",1,921
"455",1,921
"456",1,921
"457",1,921
"458",1,921
"459",1,921
"460",1,921
"461",1,914.86
"462",1,914.86
"463",1,914.86
"464",1,914.86
"465",1,914.86
"466",1,914.86
"467",1,914.86
"468",1,914.86
"469",1,914.86
"470",1,914.86
"471",1,914.86
"472",1,914.86
"473",1,914.86
"474",1,914.86
"475",1,914.86
"476",1,914.86
"477",1,914.86
"478",1,914.86
"479",1,914.86
"480",1,914.86
"481",1,658.170000000001
"482",1,658.170000000001
"483",1,658.170000000001
"484",1,658.170000000001
"485",1,658.170000000001
"486",1,658.170000000001
"487",1,658.170000000001
"488",1,658.170000000001
"489",1,658.170000000001
"490",1,658.170000000001
"491",1,658.170000000001
"492",1,658.170000000001
"493",1,658.170000000001
"494",1,658.170000000001
"495",1,658.170000000001
"496",1,658.170000000001
"497",1,658.170000000001
"498",1,658.170000000001
"499",1,658.170000000001
"500",1,658.170000000001
"501",1,736.119999999998
"502",1,736.119999999998
"503",1,736.119999999998
"504",1,736.119999999998
"505",1,736.119999999998
"506",1,736.119999999998
"507",1,736.119999999998
"508",1,736.119999999998
"509",1,736.119999999998
"510",1,736.119999999998
"511",1,736.119999999998
"512",1,736.119999999998
"513",1,736.119999999998
"514",1,736.119999999998
"515",1,736.119999999998
"516",1,736.119999999998
"517",1,736.119999999998
"518",1,736.119999999998
"519",1,736.119999999998
"520",1,736.119999999998
"521",1,822.360000000001
"522",1,822.360000000001
"523",1,822.360000000001
"524",1,822.360000000001
"525",1,822.360000000001
"526",1,822.360000000001
"527",1,822.360000000001
"528",1,822.360000000001
"529",1,822.360000000001
"530",1,822.360000000001
"531",1,822.360000000001
"532",1,822.360000000001
"533",1,822.360000000001
"534",1,822.360000000001
"535",1,822.360000000001
"536",1,822.360000000001
"537",1,822.360000000001
"538",1,822.360000000001
"539",1,822.360000000001
"540",1,822.360000000001
"541",1,500.580000000001
"542",1,500.580000000001
"543",1,500.580000000001
"544",1,500.580000000001
"545",1,500.580000000001
"546",1,500.580000000001
"547",1,500.580000000001
"548",1,500.580000000001
"549",1,500.580000000001
"550",1,500.580000000001
"551",1,500.580000000001
"552",1,500.580000000001
"553",1,500.580000000001
"554",1,500.580000000001
"555",1,500.580000000001
"556",1,500.580000000001
"557",1,500.580000000001
"558",1,500.580000000001
"559",1,500.580000000001
"560",1,500.580000000001
"561",1,837.76
"562",1,837.76
"563",1,837.76
"564",1,837.76
"565",1,837.76
"566",1,837.76
"567",1,837.76
"568",1,837.76
"569",1,837.76
"570",1,837.76
"571",1,837.76
"572",1,837.76
"573",1,837.76
"574",1,837.76
"575",1,837.76
"576",1,837.76
"577",1,837.76
"578",1,837.76
"579",1,837.76
"580",1,837.76
"581",1,190.343999999999
"582",1,190.343999999999
"583",1,190.343999999999
"584",1,190.343999999999
"585",1,190.343999999999
"586",1,190.343999999999
"587",1,190.343999999999
"588",1,190.343999999999
"589",1,190.343999999999
"590",1,190.343999999999
"591",1,190.343999999999
"592",1,190.343999999999
"593",1,190.343999999999
"594",1,190.343999999999
"595",1,190.343999999999
"596",1,190.343999999999
"597",1,190.343999999999
"598",1,190.343999999999
"599",1,190.343999999999
"600",1,190.343999999999
"601",1,766.920000000001
"602",1,766.920000000001
"603",1,766.920000000001
"604",1,766.920000000001
"605",1,766.920000000001
"606",1,766.920000000001
"607",1,766.920000000001
"608",1,766.920000000001
"609",1,766.920000000001
"610",1,766.920000000001
"611",1,766.920000000001
"612",1,766.920000000001
"613",1,766.920000000001
"614",1,766.920000000001
"615",1,766.920000000001
"616",1,766.920000000001
"617",1,766.920000000001
"618",1,766.920000000001
"619",1,766.920000000001
"620",1,766.920000000001
"621",1,240.56
"622",1,240.56
"623",1,240.56
"624",1,240.56
"625",1,240.56
"626",1,240.56
"627",1,240.56
"628",1,240.56
"629",1,240.56
"630",1,240.56
"631",1,240.56
"632",1,240.56
"633",1,240.56
"634",1,240.56
"635",1,240.56
"636",1,240.56
"637",1,240.56
"638",1,240.56
"639",1,240.56
"640",1,240.56
"641",1,304.73
"642",1,304.73
"643",1,304.73
"644",1,304.73
"645",1,304.73
"646",1,304.73
"647",1,304.73
"648",1,304.73
"649",1,304.73
"650",1,304.73
"651",1,304.73
"652",1,304.73
"653",1,304.73
"654",1,304.73
"655",1,304.73
"656",1,304.73
"657",1,304.73
"658",1,304.73
"659",1,304.73
"660",1,304.73
"661",1,917.929999999999
"662",1,917.929999999999
"663",1,917.929999999999
"664",1,917.929999999999
"665",1,917.929999999999
"666",1,917.929999999999
"667",1,917.929999999999
"668",1,917.929999999999
"669",1,917.929999999999
"670",1,917.929999999999
"671",1,917.929999999999
"672",1,917.929999999999
"673",1,917.929999999999
"674",1,917.929999999999
"675",1,917.929999999999
"676",1,917.929999999999
"677",1,917.929999999999
"678",1,917.929999999999
"679",1,917.929999999999
"680",1,917.929999999999
"681",1,457.32
"682",1,457.32
"683",1,457.32
"684",1,457.32
"685",1,457.32
"686",1,457.32
"687",1,457.32
"688",1,457.32
"689",1,457.32
"690",1,457.32
"691",1,457.32
"692",1,457.32
"693",1,457.32
"694",1,457.32
"695",1,457.32
"696",1,457.32
"697",1,457.32
"698",1,457.32
"699",1,457.32
"700",1,457.32
"701",1,702.239999999999
"702",1,702.239999999999
"703",1,702.239999999999
"704",1,702.239999999999
"705",1,702.239999999999
"706",1,702.239999999999
"707",1,702.239999999999
"708",1,702.239999999999
"709",1,702.239999999999
"710",1,702.239999999999
"711",1,702.239999999999
"712",1,702.239999999999
"713",1,702.239999999999
"714",1,702.239999999999
"715",1,702.239999999999
"716",1,702.239999999999
"717",1,702.239999999999
"718",1,702.239999999999
"719",1,702.239999999999
"720",1,702.239999999999
"721",1,353.4
"722",1,353.4
"723",1,353.4
"724",1,353.4
"725",1,353.4
"726",1,353.4
"727",1,353.4
"728",1,353.4
"729",1,353.4
"730",1,353.4
"731",1,353.4
"732",1,353.4
"733",1,353.4
"734",1,353.4
"735",1,353.4
"736",1,353.4
"737",1,353.4
"738",1,353.4
"739",1,353.4
"740",1,353.4
"741",1,736.12
"742",1,736.12
"743",1,736.12
"744",1,736.12
"745",1,736.12
"746",1,736.12
"747",1,736.12
"748",1,736.12
"749",1,736.12
"750",1,736.12
"751",1,736.12
"752",1,736.12
"753",1,736.12
"754",1,736.12
"755",1,736.12
"756",1,736.12
"757",1,736.12
"758",1,736.12
"759",1,736.12
"760",1,736.12
"761",1,670.529999999997
"762",1,670.529999999997
"763",1,670.529999999997
"764",1,670.529999999997
"765",1,670.529999999997
"766",1,670.529999999997
"767",1,670.529999999997
"768",1,670.529999999997
"769",1,670.529999999997
"770",1,670.529999999997
"771",1,670.529999999997
"772",1,670.529999999997
"773",1,670.529999999997
"774",1,670.529999999997
"775",1,670.529999999997
"776",1,670.529999999997
"777",1,670.529999999997
"778",1,670.529999999997
"779",1,670.529999999997
"780",1,670.529999999997
"781",1,948.63
"782",1,948.63
"783",1,948.63
"784",1,948.63
"785",1,948.63
"786",1,948.63
"787",1,948.63
"788",1,948.63
"789",1,948.63
"790",1,948.63
"791",1,948.63
"792",1,948.63
"793",1,948.63
"794",1,948.63
"795",1,948.63
"796",1,948.63
"797",1,948.63
"798",1,948.63
"799",1,948.63
"800",1,948.63
"801",1,304.73
"802",1,304.73
"803",1,304.73
"804",1,304.73
"805",1,304.73
"806",1,304.73
"807",1,304.73
"808",1,304.73
"809",1,304.73
"810",1,304.73
"811",1,304.73
"812",1,304.73
"813",1,304.73
"814",1,304.73
"815",1,304.73
"816",1,304.73
"817",1,304.73
"818",1,304.73
"819",1,304.73
"820",1,304.73
"821",1,367.71
"822",1,367.71
"823",1,367.71
"824",1,367.71
"825",1,367.71
"826",1,367.71
"827",1,367.71
"828",1,367.71
"829",1,367.71
"830",1,367.71
"831",1,367.71
"832",1,367.71
"833",1,367.71
"834",1,367.71
"835",1,367.71
"836",1,367.71
"837",1,367.71
"838",1,367.71
"839",1,367.71
"840",1,367.71
"841",1,822.359999999999
"842",1,822.359999999999
"843",1,822.359999999999
"844",1,822.359999999999
"845",1,822.359999999999
"846",1,822.359999999999
"847",1,822.359999999999
"848",1,822.359999999999
"849",1,822.359999999999
"850",1,822.359999999999
"851",1,822.359999999999
"852",1,822.359999999999
"853",1,822.359999999999
"854",1,822.359999999999
"855",1,822.359999999999
"856",1,822.359999999999
"857",1,822.359999999999
"858",1,822.359999999999
"859",1,822.359999999999
"860",1,822.359999999999
"861",1,584.010000000001
"862",1,584.010000000001
"863",1,584.010000000001
"864",1,584.010000000001
"865",1,584.010000000001
"866",1,584.010000000001
"867",1,584.010000000001
"868",1,584.010000000001
"869",1,584.010000000001
"870",1,584.010000000001
"871",1,584.010000000001
"872",1,584.010000000001
"873",1,584.010000000001
"874",1,584.010000000001
"875",1,584.010000000001
"876",1,584.010000000001
"877",1,584.010000000001
"878",1,584.010000000001
"879",1,584.010000000001
"880",1,584.010000000001
"881",1,945.559999999999
"882",1,945.559999999999
"883",1,945.559999999999
"884",1,945.559999999999
"885",1,945.559999999999
"886",1,945.559999999999
"887",1,945.559999999999
"888",1,945.559999999999
"889",1,945.559999999999
"890",1,945.559999999999
"891",1,945.559999999999
"892",1,945.559999999999
"893",1,945.559999999999
"894",1,945.559999999999
"895",1,945.559999999999
"896",1,945.559999999999
"897",1,945.559999999999
"898",1,945.559999999999
"899",1,945.559999999999
"900",1,945.559999999999
"901",1,224.44
"902",1,224.44
"903",1,224.44
"904",1,224.44
"905",1,224.44
"906",1,224.44
"907",1,224.44
"908",1,224.44
"909",1,224.44
"910",1,224.44
"911",1,224.44
"912",1,224.44
"913",1,224.44
"914",1,224.44
"915",1,224.44
"916",1,224.44
"917",1,224.44
"918",1,224.44
"919",1,224.44
"920",1,224.44
"921",1,208.01
"922",1,208.01
"923",1,208.01
"924",1,208.01
"925",1,208.01
"926",1,208.01
"927",1,208.01
"928",1,208.01
"929",1,208.01
"930",1,208.01
"931",1,208.01
"932",1,208.01
"933",1,208.01
"934",1,208.01
"935",1,208.01
"936",1,208.01
"937",1,208.01
"938",1,208.01
"939",1,208.01
"940",1,208.01
"941",1,670.529999999998
"942",1,670.529999999998
"943",1,670.529999999998
"944",1,670.529999999998
"945",1,670.529999999998
"946",1,670.529999999998
"947",1,670.529999999998
"948",1,670.529999999998
"949",1,670.529999999998
"950",1,670.529999999998
"951",1,670.529999999998
"952",1,670.529999999998
"953",1,670.529999999998
"954",1,670.529999999998
"955",1,670.529999999998
"956",1,670.529999999998
"957",1,670.529999999998
"958",1,670.529999999998
"959",1,670.529999999998
"960",1,670.529999999998
"961",1,702.239999999999
"962",1,702.239999999999
"963",1,702.239999999999
"964",1,702.239999999999
"965",1,702.239999999999
"966",1,702.239999999999
"967",1,702.239999999999
"968",1,702.239999999999
"969",1,702.239999999999
"970",1,702.239999999999
"971",1,702.239999999999
"972",1,702.239999999999
"973",1,702.239999999999
"974",1,702.239999999999
"975",1,702.239999999999
"976",1,702.239999999999
"977",1,702.239999999999
"978",1,702.239999999999
"979",1,702.239999999999
"980",1,702.239999999999
"981",1,914.859999999999
"982",1,914.859999999999
"983",1,914.859999999999
"984",1,914.859999999999
"985",1,914.859999999999
"986",1,914.859999999999
"987",1,914.859999999999
"988",1,914.859999999999
"989",1,914.859999999999
"990",1,914.859999999999
"991",1,914.859999999999
"992",1,914.859999999999
"993",1,914.859999999999
"994",1,914.859999999999
"995",1,914.859999999999
"996",1,914.859999999999
"997",1,914.859999999999
"998",1,914.859999999999
"999",1,914.859999999999
"1000",1,914.859999999999
"1001",1,723.799999999998
"1002",1,723.799999999998
"1003",1,723.799999999998
"1004",1,723.799999999998
"1005",1,723.799999999998
"1006",1,723.799999999998
"1007",1,723.799999999998
"1008",1,723.799999999998
"1009",1,723.799999999998
"1010",1,723.799999999998
"1011",1,723.799999999998
"1012",1,723.799999999998
"1013",1,723.799999999998
"1014",1,723.799999999998
"1015",1,723.799999999998
"1016",1,723.799999999998
"1017",1,723.799999999998
"1018",1,723.799999999998
"1019",1,723.799999999998
"1020",1,723.799999999998
"1021",1,880.880000000001
"1022",1,880.880000000001
"1023",1,880.880000000001
"1024",1,880.880000000001
"1025",1,880.880000000001
"1026",1,880.880000000001
"1027",1,880.880000000001
"1028",1,880.880000000001
"1029",1,880.880000000001
"1030",1,880.880000000001
"1031",1,880.880000000001
"1032",1,880.880000000001
"1033",1,880.880000000001
"1034",1,880.880000000001
"1035",1,880.880000000001
"1036",1,880.880000000001
"1037",1,880.880000000001
"1038",1,880.880000000001
"1039",1,880.880000000001
"1040",1,880.880000000001
"1041",1,584.010000000002
"1042",1,584.010000000002
"1043",1,584.010000000002
"1044",1,584.010000000002
"1045",1,584.010000000002
"1046",1,584.010000000002
"1047",1,584.010000000002
"1048",1,584.010000000002
"1049",1,584.010000000002
"1050",1,584.010000000002
"1051",1,584.010000000002
"1052",1,584.010000000002
"1053",1,584.010000000002
"1054",1,584.010000000002
"1055",1,584.010000000002
"1056",1,584.010000000002
"1057",1,584.010000000002
"1058",1,584.010000000002
"1059",1,584.010000000002
"1060",1,584.010000000002
"1061",1,695.249999999998
"1062",1,695.249999999998
"1063",1,695.249999999998
"1064",1,695.249999999998
"1065",1,695.249999999998
"1066",1,695.249999999998
"1067",1,695.249999999998
"1068",1,695.249999999998
"1069",1,695.249999999998
"1070",1,695.249999999998
"1071",1,695.249999999998
"1072",1,695.249999999998
"1073",1,695.249999999998
"1074",1,695.249999999998
"1075",1,695.249999999998
"1076",1,695.249999999998
"1077",1,695.249999999998
"1078",1,695.249999999998
"1079",1,695.249999999998
"1080",1,695.249999999998
"1081",1,240.559999999998
"1082",1,240.559999999998
"1083",1,240.559999999998
"1084",1,240.559999999998
"1085",1,240.559999999998
"1086",1,240.559999999998
"1087",1,240.559999999998
"1088",1,240.559999999998
"1089",1,240.559999999998
"1090",1,240.559999999998
"1091",1,240.559999999998
"1092",1,240.559999999998
"1093",1,240.559999999998
"1094",1,240.559999999998
"1095",1,240.559999999998
"1096",1,240.559999999998
"1097",1,240.559999999998
"1098",1,240.559999999998
"1099",1,240.559999999998
"1100",1,240.559999999998
"1101",1,334.8
"1102",1,334.8
"1103",1,334.8
"1104",1,334.8
"1105",1,334.8
"1106",1,334.8
"1107",1,334.8
"1108",1,334.8
"1109",1,334.8
"1110",1,334.8
"1111",1,334.8
"1112",1,334.8
"1113",1,334.8
"1114",1,334.8
"1115",1,334.8
"1116",1,334.8
"1117",1,334.8
"1118",1,334.8
"1119",1,334.8
"1120",1,334.8
"1121",1,528.390000000002
"1122",1,528.390000000002
"1123",1,528.390000000002
"1124",1,528.390000000002
"1125",1,528.390000000002
"1126",1,528.390000000002
"1127",1,528.390000000002
"1128",1,528.390000000002
"1129",1,528.390000000002
"1130",1,528.390000000002
"1131",1,528.390000000002
"1132",1,528.390000000002
"1133",1,528.390000000002
"1134",1,528.390000000002
"1135",1,528.390000000002
"1136",1,528.390000000002
"1137",1,528.390000000002
"1138",1,528.390000000002
"1139",1,528.390000000002
"1140",1,528.390000000002
"1141",1,224.44
"1142",1,224.44
"1143",1,224.44
"1144",1,224.44
"1145",1,224.44
"1146",1,224.44
"1147",1,224.44
"1148",1,224.44
"1149",1,224.44
"1150",1,224.44
"1151",1,224.44
"1152",1,224.44
"1153",1,224.44
"1154",1,224.44
"1155",1,224.44
"1156",1,224.44
"1157",1,224.44
"1158",1,224.44
"1159",1,224.44
"1160",1,224.44
"1161",1,948.63
"1162",1,948.63
"1163",1,948.63
"1164",1,948.63
"1165",1,948.63
"1166",1,948.63
"1167",1,948.63
"1168",1,948.63
"1169",1,948.63
"1170",1,948.63
"1171",1,948.63
"1172",1,948.63
"1173",1,948.63
"1174",1,948.63
"1175",1,948.63
"1176",1,948.63
"1177",1,948.63
"1178",1,948.63
"1179",1,948.63
"1180",1,948.63
"1181",1,837.759999999999
"1182",1,837.759999999999
"1183",1,837.759999999999
"1184",1,837.759999999999
"1185",1,837.759999999999
"1186",1,837.759999999999
"1187",1,837.759999999999
"1188",1,837.759999999999
"1189",1,837.759999999999
"1190",1,837.759999999999
"1191",1,837.759999999999
"1192",1,837.759999999999
"1193",1,837.759999999999
"1194",1,837.759999999999
"1195",1,837.759999999999
"1196",1,837.759999999999
"1197",1,837.759999999999
"1198",1,837.759999999999
"1199",1,837.759999999999
"1200",1,837.759999999999
"1201",1,939.420000000001
"1202",1,939.420000000001
"1203",1,939.420000000001
"1204",1,939.420000000001
"1205",1,939.420000000001
"1206",1,939.420000000001
"1207",1,939.420000000001
"1208",1,939.420000000001
"1209",1,939.420000000001
"1210",1,939.420000000001
"1211",1,939.420000000001
"1212",1,939.420000000001
"1213",1,939.420000000001
"1214",1,939.420000000001
"1215",1,939.420000000001
"1216",1,939.420000000001
"1217",1,939.420000000001
"1218",1,939.420000000001
"1219",1,939.420000000001
"1220",1,939.420000000001
"1221",1,776.160000000001
"1222",1,776.160000000001
"1223",1,776.160000000001
"1224",1,776.160000000001
"1225",1,776.160000000001
"1226",1,776.160000000001
"1227",1,776.160000000001
"1228",1,776.160000000001
"1229",1,776.160000000001
"1230",1,776.160000000001
"1231",1,776.160000000001
"1232",1,776.160000000001
"1233",1,776.160000000001
"1234",1,776.160000000001
"1235",1,776.160000000001
"1236",1,776.160000000001
"1237",1,776.160000000001
"1238",1,776.160000000001
"1239",1,776.160000000001
"1240",1,776.160000000001
"1241",1,410.97
"1242",1,410.97
"1243",1,410.97
"1244",1,410.97
"1245",1,410.97
"1246",1,410.97
"1247",1,410.97
"1248",1,410.97
"1249",1,410.97
"1250",1,410.97
"1251",1,410.97
"1252",1,410.97
"1253",1,410.97
"1254",1,410.97
"1255",1,410.97
"1256",1,410.97
"1257",1,410.97
"1258",1,410.97
"1259",1,410.97
"1260",1,410.97
"1261",1,288.919999999999
"1262",1,288.919999999999
"1263",1,288.919999999999
"1264",1,288.919999999999
"1265",1,288.919999999999
"1266",1,288.919999999999
"1267",1,288.919999999999
"1268",1,288.919999999999
"1269",1,288.919999999999
"1270",1,288.919999999999
"1271",1,288.919999999999
"1272",1,288.919999999999
"1273",1,288.919999999999
"1274",1,288.919999999999
"1275",1,288.919999999999
"1276",1,288.919999999999
"1277",1,288.919999999999
"1278",1,288.919999999999
"1279",1,288.919999999999
"1280",1,288.919999999999
"1281",1,853.160000000001
"1282",1,853.160000000001
"1283",1,853.160000000001
"1284",1,853.160000000001
"1285",1,853.160000000001
"1286",1,853.160000000001
"1287",1,853.160000000001
"1288",1,853.160000000001
"1289",1,853.160000000001
"1290",1,853.160000000001
"1291",1,853.160000000001
"1292",1,853.160000000001
"1293",1,853.160000000001
"1294",1,853.160000000001
"1295",1,853.160000000001
"1296",1,853.160000000001
"1297",1,853.160000000001
"1298",1,853.160000000001
"1299",1,853.160000000001
"1300",1,853.160000000001
"1301",1,859.320000000001
"1302",1,859.320000000001
"1303",1,859.320000000001
"1304",1,859.320000000001
"1305",1,859.320000000001
"1306",1,859.320000000001
"1307",1,859.320000000001
"1308",1,859.320000000001
"1309",1,859.320000000001
"1310",1,859.320000000001
"1311",1,859.320000000001
"1312",1,859.320000000001
"1313",1,859.320000000001
"1314",1,859.320000000001
"1315",1,859.320000000001
"1316",1,859.320000000001
"1317",1,859.320000000001
"1318",1,859.320000000001
"1319",1,859.320000000001
"1320",1,859.320000000001
"1321",1,383.159999999998
"1322",1,383.159999999998
"1323",1,383.159999999998
"1324",1,383.159999999998
"1325",1,383.159999999998
"1326",1,383.159999999998
"1327",1,383.159999999998
"1328",1,383.159999999998
"1329",1,383.159999999998
"1330",1,383.159999999998
"1331",1,383.159999999998
"1332",1,383.159999999998
"1333",1,383.159999999998
"1334",1,383.159999999998
"1335",1,383.159999999998
"1336",1,383.159999999998
"1337",1,383.159999999998
"1338",1,383.159999999998
"1339",1,383.159999999998
"1340",1,383.159999999998
"1341",1,702.239999999997
"1342",1,702.239999999997
"1343",1,702.239999999997
"1344",1,702.239999999997
"1345",1,702.239999999997
"1346",1,702.239999999997
"1347",1,702.239999999997
"1348",1,702.239999999997
"1349",1,702.239999999997
"1350",1,702.239999999997
"1351",1,702.239999999997
"1352",1,702.239999999997
"1353",1,702.239999999997
"1354",1,702.239999999997
"1355",1,702.239999999997
"1356",1,702.239999999997
"1357",1,702.239999999997
"1358",1,702.239999999997
"1359",1,702.239999999997
"1360",1,702.239999999997
"1361",1,141.98
"1362",1,141.98
"1363",1,141.98
"1364",1,141.98
"1365",1,141.98
"1366",1,141.98
"1367",1,141.98
"1368",1,141.98
"1369",1,141.98
"1370",1,141.98
"1371",1,141.98
"1372",1,141.98
"1373",1,141.98
"1374",1,141.98
"1375",1,141.98
"1376",1,141.98
"1377",1,141.98
"1378",1,141.98
"1379",1,141.98
"1380",1,141.98
"1381",1,837.759999999998
"1382",1,837.759999999998
"1383",1,837.759999999998
"1384",1,837.759999999998
"1385",1,837.759999999998
"1386",1,837.759999999998
"1387",1,837.759999999998
"1388",1,837.759999999998
"1389",1,837.759999999998
"1390",1,837.759999999998
"1391",1,837.759999999998
"1392",1,837.759999999998
"1393",1,837.759999999998
"1394",1,837.759999999998
"1395",1,837.759999999998
"1396",1,837.759999999998
"1397",1,837.759999999998
"1398",1,837.759999999998
"1399",1,837.759999999998
"1400",1,837.759999999998
"1401",1,427.8
"1402",1,427.8
"1403",1,427.8
"1404",1,427.8
"1405",1,427.8
"1406",1,427.8
"1407",1,427.8
"1408",1,427.8
"1409",1,427.8
"1410",1,427.8
"1411",1,427.8
"1412",1,427.8
"1413",1,427.8
"1414",1,427.8
"1415",1,427.8
"1416",1,427.8
"1417",1,427.8
"1418",1,427.8
"1419",1,427.8
"1420",1,427.8
"1421",1,596.370000000002
"1422",1,596.370000000002
"1423",1,596.370000000002
"1424",1,596.370000000002
"1425",1,596.370000000002
"1426",1,596.370000000002
"1427",1,596.370000000002
"1428",1,596.370000000002
"1429",1,596.370000000002
"1430",1,596.370000000002
"1431",1,596.370000000002
"1432",1,596.370000000002
"1433",1,596.370000000002
"1434",1,596.370000000002
"1435",1,596.370000000002
"1436",1,596.370000000002
"1437",1,596.370000000002
"1438",1,596.370000000002
"1439",1,596.370000000002
"1440",1,596.370000000002
"1441",1,608.730000000002
"1442",1,608.730000000002
"1443",1,608.730000000002
"1444",1,608.730000000002
"1445",1,608.730000000002
"1446",1,608.730000000002
"1447",1,608.730000000002
"1448",1,608.730000000002
"1449",1,608.730000000002
"1450",1,608.730000000002
"1451",1,608.730000000002
"1452",1,608.730000000002
"1453",1,608.730000000002
"1454",1,608.730000000002
"1455",1,608.730000000002
"1456",1,608.730000000002
"1457",1,608.730000000002
"1458",1,608.730000000002
"1459",1,608.730000000002
"1460",1,608.730000000002
"1461",1,945.56
"1462",1,945.56
"1463",1,945.56
"1464",1,945.56
"1465",1,945.56
"1466",1,945.56
"1467",1,945.56
"1468",1,945.56
"1469",1,945.56
"1470",1,945.56
"1471",1,945.56
"1472",1,945.56
"1473",1,945.56
"1474",1,945.56
"1475",1,945.56
"1476",1,945.56
"1477",1,945.56
"1478",1,945.56
"1479",1,945.56
"1480",1,945.56
"1481",1,384.4
"1482",1,384.4
"1483",1,384.4
"1484",1,384.4
"1485",1,384.4
"1486",1,384.4
"1487",1,384.4
"1488",1,384.4
"1489",1,384.4
"1490",1,384.4
"1491",1,384.4
"1492",1,384.4
"1493",1,384.4
"1494",1,384.4
"1495",1,384.4
"1496",1,384.4
"1497",1,384.4
"1498",1,384.4
"1499",1,384.4
"1500",1,384.4
"1501",1,936.35
"1502",1,936.35
"1503",1,936.35
"1504",1,936.35
"1505",1,936.35
"1506",1,936.35
"1507",1,936.35
"1508",1,936.35
"1509",1,936.35
"1510",1,936.35
"1511",1,936.35
"1512",1,936.35
"1513",1,936.35
"1514",1,936.35
"1515",1,936.35
"1516",1,936.35
"1517",1,936.35
"1518",1,936.35
"1519",1,936.35
"1520",1,936.35
"1521",1,945.56
"1522",1,945.56
"1523",1,945.56
"1524",1,945.56
"1525",1,945.56
"1526",1,945.56
"1527",1,945.56
"1528",1,945.56
"1529",1,945.56
"1530",1,945.56
"1531",1,945.56
"1532",1,945.56
"1533",1,945.56
"1534",1,945.56
"1535",1,945.56
"1536",1,945.56
"1537",1,945.56
"1538",1,945.56
"1539",1,945.56
"1540",1,945.56
"1541",1,859.320000000002
"1542",1,859.320000000002
"1543",1,859.320000000002
"1544",1,859.320000000002
"1545",1,859.320000000002
"1546",1,859.320000000002
"1547",1,859.320000000002
"1548",1,859.320000000002
"1549",1,859.320000000002
"1550",1,859.320000000002
"1551",1,859.320000000002
"1552",1,859.320000000002
"1553",1,859.320000000002
"1554",1,859.320000000002
"1555",1,859.320000000002
"1556",1,859.320000000002
"1557",1,859.320000000002
"1558",1,859.320000000002
"1559",1,859.320000000002
"1560",1,859.320000000002
"1561",1,157.589999999999
"1562",1,157.589999999999
"1563",1,157.589999999999
"1564",1,157.589999999999
"1565",1,157.589999999999
"1566",1,157.589999999999
"1567",1,157.589999999999
"1568",1,157.589999999999
"1569",1,157.589999999999
"1570",1,157.589999999999
"1571",1,157.589999999999
"1572",1,157.589999999999
"1573",1,157.589999999999
"1574",1,157.589999999999
"1575",1,157.589999999999
"1576",1,157.589999999999
"1577",1,157.589999999999
"1578",1,157.589999999999
"1579",1,157.589999999999
"1580",1,157.589999999999
"1581",1,837.759999999999
"1582",1,837.759999999999
"1583",1,837.759999999999
"1584",1,837.759999999999
"1585",1,837.759999999999
"1586",1,837.759999999999
"1587",1,837.759999999999
"1588",1,837.759999999999
"1589",1,837.759999999999
"1590",1,837.759999999999
"1591",1,837.759999999999
"1592",1,837.759999999999
"1593",1,837.759999999999
"1594",1,837.759999999999
"1595",1,837.759999999999
"1596",1,837.759999999999
"1597",1,837.759999999999
"1598",1,837.759999999999
"1599",1,837.759999999999
"1600",1,837.759999999999
"1601",1,948.63
"1602",1,948.63
"1603",1,948.63
"1604",1,948.63
"1605",1,948.63
"1606",1,948.63
"1607",1,948.63
"1608",1,948.63
"1609",1,948.63
"1610",1,948.63
"1611",1,948.63
"1612",1,948.63
"1613",1,948.63
"1614",1,948.63
"1615",1,948.63
"1616",1,948.63
"1617",1,948.63
"1618",1,948.63
"1619",1,948.63
"1620",1,948.63
"1621",1,948.63
"1622",1,948.63
"1623",1,948.63
"1624",1,948.63
"1625",1,948.63
"1626",1,948.63
"1627",1,948.63
"1628",1,948.63
"1629",1,948.63
"1630",1,948.63
"1631",1,948.63
"1632",1,948.63
"1633",1,948.63
"1634",1,948.63
"1635",1,948.63
"1636",1,948.63
"1637",1,948.63
"1638",1,948.63
"1639",1,948.63
"1640",1,948.63
"1641",1,945.56
"1642",1,945.56
"1643",1,945.56
"1644",1,945.56
"1645",1,945.56
"1646",1,945.56
"1647",1,945.56
"1648",1,945.56
"1649",1,945.56
"1650",1,945.56
"1651",1,945.56
"1652",1,945.56
"1653",1,945.56
"1654",1,945.56
"1655",1,945.56
"1656",1,945.56
"1657",1,945.56
"1658",1,945.56
"1659",1,945.56
"1660",1,945.56
"1661",1,500.580000000001
"1662",1,500.580000000001
"1663",1,500.580000000001
"1664",1,500.580000000001
"1665",1,500.580000000001
"1666",1,500.580000000001
"1667",1,500.580000000001
"1668",1,500.580000000001
"1669",1,500.580000000001
"1670",1,500.580000000001
"1671",1,500.580000000001
"1672",1,500.580000000001
"1673",1,500.580000000001
"1674",1,500.580000000001
"1675",1,500.580000000001
"1676",1,500.580000000001
"1677",1,500.580000000001
"1678",1,500.580000000001
"1679",1,500.580000000001
"1680",1,500.580000000001
"1681",1,334.8
"1682",1,334.8
"1683",1,334.8
"1684",1,334.8
"1685",1,334.8
"1686",1,334.8
"1687",1,334.8
"1688",1,334.8
"1689",1,334.8
"1690",1,334.8
"1691",1,334.8
"1692",1,334.8
"1693",1,334.8
"1694",1,334.8
"1695",1,334.8
"1696",1,334.8
"1697",1,334.8
"1698",1,334.8
"1699",1,334.8
"1700",1,334.8
"1701",1,175.15
"1702",1,175.15
"1703",1,175.15
"1704",1,175.15
"1705",1,175.15
"1706",1,175.15
"1707",1,175.15
"1708",1,175.15
"1709",1,175.15
"1710",1,175.15
"1711",1,175.15
"1712",1,175.15
"1713",1,175.15
"1714",1,175.15
"1715",1,175.15
"1716",1,175.15
"1717",1,175.15
"1718",1,175.15
"1719",1,175.15
"1720",1,175.15
"1721",1,948.63
"1722",1,948.63
"1723",1,948.63
"1724",1,948.63
"1725",1,948.63
"1726",1,948.63
"1727",1,948.63
"1728",1,948.63
"1729",1,948.63
"1730",1,948.63
"1731",1,948.63
"1732",1,948.63
"1733",1,948.63
"1734",1,948.63
"1735",1,948.63
"1736",1,948.63
"1737",1,948.63
"1738",1,948.63
"1739",1,948.63
"1740",1,948.63
"1741",1,208.01
"1742",1,208.01
"1743",1,208.01
"1744",1,208.01
"1745",1,208.01
"1746",1,208.01
"1747",1,208.01
"1748",1,208.01
"1749",1,208.01
"1750",1,208.01
"1751",1,208.01
"1752",1,208.01
"1753",1,208.01
"1754",1,208.01
"1755",1,208.01
"1756",1,208.01
"1757",1,208.01
"1758",1,208.01
"1759",1,208.01
"1760",1,208.01
"1761",1,902.44
"1762",1,902.44
"1763",1,902.44
"1764",1,902.44
"1765",1,902.44
"1766",1,902.44
"1767",1,902.44
"1768",1,902.44
"1769",1,902.44
"1770",1,902.44
"1771",1,902.44
"1772",1,902.44
"1773",1,902.44
"1774",1,902.44
"1775",1,902.44
"1776",1,902.44
"1777",1,902.44
"1778",1,902.44
"1779",1,902.44
"1780",1,902.44
"1781",1,843.92
"1782",1,843.92
"1783",1,843.92
"1784",1,843.92
"1785",1,843.92
"1786",1,843.92
"1787",1,843.92
"1788",1,843.92
"1789",1,843.92
"1790",1,843.92
"1791",1,843.92
"1792",1,843.92
"1793",1,843.92
"1794",1,843.92
"1795",1,843.92
"1796",1,843.92
"1797",1,843.92
"1798",1,843.92
"1799",1,843.92
"1800",1,843.92
"1801",1,288.92
"1802",1,288.92
"1803",1,288.92
"1804",1,288.92
"1805",1,288.92
"1806",1,288.92
"1807",1,288.92
"1808",1,288.92
"1809",1,288.92
"1810",1,288.92
"1811",1,288.92
"1812",1,288.92
"1813",1,288.92
"1814",1,288.92
"1815",1,288.92
"1816",1,288.92
"1817",1,288.92
"1818",1,288.92
"1819",1,288.92
"1820",1,288.92
"1821",1,658.170000000001
"1822",1,658.170000000001
"1823",1,658.170000000001
"1824",1,658.170000000001
"1825",1,658.170000000001
"1826",1,658.170000000001
"1827",1,658.170000000001
"1828",1,658.170000000001
"1829",1,658.170000000001
"1830",1,658.170000000001
"1831",1,658.170000000001
"1832",1,658.170000000001
"1833",1,658.170000000001
"1834",1,658.170000000001
"1835",1,658.170000000001
"1836",1,658.170000000001
"1837",1,658.170000000001
"1838",1,658.170000000001
"1839",1,658.170000000001
"1840",1,658.170000000001
"1841",1,288.92
"1842",1,288.92
"1843",1,288.92
"1844",1,288.92
"1845",1,288.92
"1846",1,288.92
"1847",1,288.92
"1848",1,288.92
"1849",1,288.92
"1850",1,288.92
"1851",1,288.92
"1852",1,288.92
"1853",1,288.92
"1854",1,288.92
"1855",1,288.92
"1856",1,288.92
"1857",1,288.92
"1858",1,288.92
"1859",1,288.92
"1860",1,288.92
"1861",1,457.32
"1862",1,457.32
"1863",1,457.32
"1864",1,457.32
"1865",1,457.32
"1866",1,457.32
"1867",1,457.32
"1868",1,457.32
"1869",1,457.32
"1870",1,457.32
"1871",1,457.32
"1872",1,457.32
"1873",1,457.32
"1874",1,457.32
"1875",1,457.32
"1876",1,457.32
"1877",1,457.32
"1878",1,457.32
"1879",1,457.32
"1880",1,457.32
"1881",1,441.869999999999
"1882",1,441.869999999999
"1883",1,441.869999999999
"1884",1,441.869999999999
"1885",1,441.869999999999
"1886",1,441.869999999999
"1887",1,441.869999999999
"1888",1,441.869999999999
"1889",1,441.869999999999
"1890",1,441.869999999999
"1891",1,441.869999999999
"1892",1,441.869999999999
"1893",1,441.869999999999
"1894",1,441.869999999999
"1895",1,441.869999999999
"1896",1,441.869999999999
"1897",1,441.869999999999
"1898",1,441.869999999999
"1899",1,441.869999999999
"1900",1,441.869999999999
"1901",1,924.07
"1902",1,924.07
"1903",1,924.07
"1904",1,924.07
"1905",1,924.07
"1906",1,924.07
"1907",1,924.07
"1908",1,924.07
"1909",1,924.07
"1910",1,924.07
"1911",1,924.07
"1912",1,924.07
"1913",1,924.07
"1914",1,924.07
"1915",1,924.07
"1916",1,924.07
"1917",1,924.07
"1918",1,924.07
"1919",1,924.07
"1920",1,924.07
"1921",1,272.8
"1922",1,272.8
"1923",1,272.8
"1924",1,272.8
"1925",1,272.8
"1926",1,272.8
"1927",1,272.8
"1928",1,272.8
"1929",1,272.8
"1930",1,272.8
"1931",1,272.8
"1932",1,272.8
"1933",1,272.8
"1934",1,272.8
"1935",1,272.8
"1936",1,272.8
"1937",1,272.8
"1938",1,272.8
"1939",1,272.8
"1940",1,272.8
"1941",1,568.560000000002
"1942",1,568.560000000002
"1943",1,568.560000000002
"1944",1,568.560000000002
"1945",1,568.560000000002
"1946",1,568.560000000002
"1947",1,568.560000000002
"1948",1,568.560000000002
"1949",1,568.560000000002
"1950",1,568.560000000002
"1951",1,568.560000000002
"1952",1,568.560000000002
"1953",1,568.560000000002
"1954",1,568.560000000002
"1955",1,568.560000000002
"1956",1,568.560000000002
"1957",1,568.560000000002
"1958",1,568.560000000002
"1959",1,568.560000000002
"1960",1,568.560000000002
"1961",1,948.63
"1962",1,948.63
"1963",1,948.63
"1964",1,948.63
"1965",1,948.63
"1966",1,948.63
"1967",1,948.63
"1968",1,948.63
"1969",1,948.63
"1970",1,948.63
"1971",1,948.63
"1972",1,948.63
"1973",1,948.63
"1974",1,948.63
"1975",1,948.63
"1976",1,948.63
"1977",1,948.63
"1978",1,948.63
"1979",1,948.63
"1980",1,948.63
"1981",1,899.509999999998
"1982",1,899.509999999998
"1983",1,899.509999999998
"1984",1,899.509999999998
"1985",1,899.509999999998
"1986",1,899.509999999998
"1987",1,899.509999999998
"1988",1,899.509999999998
"1989",1,899.509999999998
"1990",1,899.509999999998
"1991",1,899.509999999998
"1992",1,899.509999999998
"1993",1,899.509999999998
"1994",1,899.509999999998
"1995",1,899.509999999998
"1996",1,899.509999999998
"1997",1,899.509999999998
"1998",1,899.509999999998
"1999",1,899.509999999998
"2000",1,899.509999999998
"2001",2,945.56
"2002",2,945.56
"2003",2,945.56
"2004",2,945.56
"2005",2,945.56
"2006",2,945.56
"2007",2,945.56
"2008",2,945.56
"2009",2,945.56
"2010",2,945.56
"2011",2,945.56
"2012",2,945.56
"2013",2,945.56
"2014",2,945.56
"2015",2,945.56
"2016",2,945.56
"2017",2,945.56
"2018",2,945.56
"2019",2,945.56
"2020",2,945.56
"2021",2,821.940000000002
"2022",2,821.940000000002
"2023",2,821.940000000002
"2024",2,821.940000000002
"2025",2,821.940000000002
"2026",2,821.940000000002
"2027",2,821.940000000002
"2028",2,821.940000000002
"2029",2,821.940000000002
"2030",2,821.940000000002
"2031",2,821.940000000002
"2032",2,821.940000000002
"2033",2,821.940000000002
"2034",2,821.940000000002
"2035",2,821.940000000002
"2036",2,821.940000000002
"2037",2,821.940000000002
"2038",2,821.940000000002
"2039",2,821.940000000002
"2040",2,821.940000000002
"2041",2,930.210000000001
"2042",2,930.210000000001
"2043",2,930.210000000001
"2044",2,930.210000000001
"2045",2,930.210000000001
"2046",2,930.210000000001
"2047",2,930.210000000001
"2048",2,930.210000000001
"2049",2,930.210000000001
"2050",2,930.210000000001
"2051",2,930.210000000001
"2052",2,930.210000000001
"2053",2,930.210000000001
"2054",2,930.210000000001
"2055",2,930.210000000001
"2056",2,930.210000000001
"2057",2,930.210000000001
"2058",2,930.210000000001
"2059",2,930.210000000001
"2060",2,930.210000000001
"2061",2,939.42
"2062",2,939.42
"2063",2,939.42
"2064",2,939.42
"2065",2,939.42
"2066",2,939.42
"2067",2,939.42
"2068",2,939.42
"2069",2,939.42
"2070",2,939.42
"2071",2,939.42
"2072",2,939.42
"2073",2,939.42
"2074",2,939.42
"2075",2,939.42
"2076",2,939.42
"2077",2,939.42
"2078",2,939.42
"2079",2,939.42
"2080",2,939.42
"2081",2,1060.2
"2082",2,1060.2
"2083",2,1060.2
"2084",2,1060.2
"2085",2,1060.2
"2086",2,1060.2
"2087",2,1060.2
"2088",2,1060.2
"2089",2,1060.2
"2090",2,1060.2
"2091",2,1060.2
"2092",2,1060.2
"2093",2,1060.2
"2094",2,1060.2
"2095",2,1060.2
"2096",2,1060.2
"2097",2,1060.2
"2098",2,1060.2
"2099",2,1060.2
"2100",2,1060.2
"2101",2,1004.4
"2102",2,1004.4
"2103",2,1004.4
"2104",2,1004.4
"2105",2,1004.4
"2106",2,1004.4
"2107",2,1004.4
"2108",2,1004.4
"2109",2,1004.4
"2110",2,1004.4
"2111",2,1004.4
"2112",2,1004.4
"2113",2,1004.4
"2114",2,1004.4
"2115",2,1004.4
"2116",2,1004.4
"2117",2,1004.4
"2118",2,1004.4
"2119",2,1004.4
"2120",2,1004.4
"2121",2,847.000000000001
"2122",2,847.000000000001
"2123",2,847.000000000001
"2124",2,847.000000000001
"2125",2,847.000000000001
"2126",2,847.000000000001
"2127",2,847.000000000001
"2128",2,847.000000000001
"2129",2,847.000000000001
"2130",2,847.000000000001
"2131",2,847.000000000001
"2132",2,847.000000000001
"2133",2,847.000000000001
"2134",2,847.000000000001
"2135",2,847.000000000001
"2136",2,847.000000000001
"2137",2,847.000000000001
"2138",2,847.000000000001
"2139",2,847.000000000001
"2140",2,847.000000000001
"2141",2,1060.2
"2142",2,1060.2
"2143",2,1060.2
"2144",2,1060.2
"2145",2,1060.2
"2146",2,1060.2
"2147",2,1060.2
"2148",2,1060.2
"2149",2,1060.2
"2150",2,1060.2
"2151",2,1060.2
"2152",2,1060.2
"2153",2,1060.2
"2154",2,1060.2
"2155",2,1060.2
"2156",2,1060.2
"2157",2,1060.2
"2158",2,1060.2
"2159",2,1060.2
"2160",2,1060.2
"2161",2,633.45
"2162",2,633.45
"2163",2,633.45
"2164",2,633.45
"2165",2,633.45
"2166",2,633.45
"2167",2,633.45
"2168",2,633.45
"2169",2,633.45
"2170",2,633.45
"2171",2,633.45
"2172",2,633.45
"2173",2,633.45
"2174",2,633.45
"2175",2,633.45
"2176",2,633.45
"2177",2,633.45
"2178",2,633.45
"2179",2,633.45
"2180",2,633.45
"2181",2,828.52
"2182",2,828.52
"2183",2,828.52
"2184",2,828.52
"2185",2,828.52
"2186",2,828.52
"2187",2,828.52
"2188",2,828.52
"2189",2,828.52
"2190",2,828.52
"2191",2,828.52
"2192",2,828.52
"2193",2,828.52
"2194",2,828.52
"2195",2,828.52
"2196",2,828.52
"2197",2,828.52
"2198",2,828.52
"2199",2,828.52
"2200",2,828.52
"2201",2,818.399999999999
"2202",2,818.399999999999
"2203",2,818.399999999999
"2204",2,818.399999999999
"2205",2,818.399999999999
"2206",2,818.399999999999
"2207",2,818.399999999999
"2208",2,818.399999999999
"2209",2,818.399999999999
"2210",2,818.399999999999
"2211",2,818.399999999999
"2212",2,818.399999999999
"2213",2,818.399999999999
"2214",2,818.399999999999
"2215",2,818.399999999999
"2216",2,818.399999999999
"2217",2,818.399999999999
"2218",2,818.399999999999
"2219",2,818.399999999999
"2220",2,818.399999999999
"2221",2,1112.4
"2222",2,1112.4
"2223",2,1112.4
"2224",2,1112.4
"2225",2,1112.4
"2226",2,1112.4
"2227",2,1112.4
"2228",2,1112.4
"2229",2,1112.4
"2230",2,1112.4
"2231",2,1112.4
"2232",2,1112.4
"2233",2,1112.4
"2234",2,1112.4
"2235",2,1112.4
"2236",2,1112.4
"2237",2,1112.4
"2238",2,1112.4
"2239",2,1112.4
"2240",2,1112.4
"2241",2,794.64
"2242",2,794.64
"2243",2,794.64
"2244",2,794.64
"2245",2,794.64
"2246",2,794.64
"2247",2,794.64
"2248",2,794.64
"2249",2,794.64
"2250",2,794.64
"2251",2,794.64
"2252",2,794.64
"2253",2,794.64
"2254",2,794.64
"2255",2,794.64
"2256",2,794.64
"2257",2,794.64
"2258",2,794.64
"2259",2,794.64
"2260",2,794.64
"2261",2,1137.12
"2262",2,1137.12
"2263",2,1137.12
"2264",2,1137.12
"2265",2,1137.12
"2266",2,1137.12
"2267",2,1137.12
"2268",2,1137.12
"2269",2,1137.12
"2270",2,1137.12
"2271",2,1137.12
"2272",2,1137.12
"2273",2,1137.12
"2274",2,1137.12
"2275",2,1137.12
"2276",2,1137.12
"2277",2,1137.12
"2278",2,1137.12
"2279",2,1137.12
"2280",2,1137.12
"2281",2,776.159999999999
"2282",2,776.159999999999
"2283",2,776.159999999999
"2284",2,776.159999999999
"2285",2,776.159999999999
"2286",2,776.159999999999
"2287",2,776.159999999999
"2288",2,776.159999999999
"2289",2,776.159999999999
"2290",2,776.159999999999
"2291",2,776.159999999999
"2292",2,776.159999999999
"2293",2,776.159999999999
"2294",2,776.159999999999
"2295",2,776.159999999999
"2296",2,776.159999999999
"2297",2,776.159999999999
"2298",2,776.159999999999
"2299",2,776.159999999999
"2300",2,776.159999999999
"2301",2,914.859999999999
"2302",2,914.859999999999
"2303",2,914.859999999999
"2304",2,914.859999999999
"2305",2,914.859999999999
"2306",2,914.859999999999
"2307",2,914.859999999999
"2308",2,914.859999999999
"2309",2,914.859999999999
"2310",2,914.859999999999
"2311",2,914.859999999999
"2312",2,914.859999999999
"2313",2,914.859999999999
"2314",2,914.859999999999
"2315",2,914.859999999999
"2316",2,914.859999999999
"2317",2,914.859999999999
"2318",2,914.859999999999
"2319",2,914.859999999999
"2320",2,914.859999999999
"2321",2,1056.78
"2322",2,1056.78
"2323",2,1056.78
"2324",2,1056.78
"2325",2,1056.78
"2326",2,1056.78
"2327",2,1056.78
"2328",2,1056.78
"2329",2,1056.78
"2330",2,1056.78
"2331",2,1056.78
"2332",2,1056.78
"2333",2,1056.78
"2334",2,1056.78
"2335",2,1056.78
"2336",2,1056.78
"2337",2,1056.78
"2338",2,1056.78
"2339",2,1056.78
"2340",2,1056.78
"2341",2,768.8
"2342",2,768.8
"2343",2,768.8
"2344",2,768.8
"2345",2,768.8
"2346",2,768.8
"2347",2,768.8
"2348",2,768.8
"2349",2,768.8
"2350",2,768.8
"2351",2,768.8
"2352",2,768.8
"2353",2,768.8
"2354",2,768.8
"2355",2,768.8
"2356",2,768.8
"2357",2,768.8
"2358",2,768.8
"2359",2,768.8
"2360",2,768.8
"2361",2,1112.4
"2362",2,1112.4
"2363",2,1112.4
"2364",2,1112.4
"2365",2,1112.4
"2366",2,1112.4
"2367",2,1112.4
"2368",2,1112.4
"2369",2,1112.4
"2370",2,1112.4
"2371",2,1112.4
"2372",2,1112.4
"2373",2,1112.4
"2374",2,1112.4
"2375",2,1112.4
"2376",2,1112.4
"2377",2,1112.4
"2378",2,1112.4
"2379",2,1112.4
"2380",2,1112.4
"2381",2,899.359999999999
"2382",2,899.359999999999
"2383",2,899.359999999999
"2384",2,899.359999999999
"2385",2,899.359999999999
"2386",2,899.359999999999
"2387",2,899.359999999999
"2388",2,899.359999999999
"2389",2,899.359999999999
"2390",2,899.359999999999
"2391",2,899.359999999999
"2392",2,899.359999999999
"2393",2,899.359999999999
"2394",2,899.359999999999
"2395",2,899.359999999999
"2396",2,899.359999999999
"2397",2,899.359999999999
"2398",2,899.359999999999
"2399",2,899.359999999999
"2400",2,899.359999999999
"2401",2,1001.16
"2402",2,1001.16
"2403",2,1001.16
"2404",2,1001.16
"2405",2,1001.16
"2406",2,1001.16
"2407",2,1001.16
"2408",2,1001.16
"2409",2,1001.16
"2410",2,1001.16
"2411",2,1001.16
"2412",2,1001.16
"2413",2,1001.16
"2414",2,1001.16
"2415",2,1001.16
"2416",2,1001.16
"2417",2,1001.16
"2418",2,1001.16
"2419",2,1001.16
"2420",2,1001.16
"2421",2,843.920000000001
"2422",2,843.920000000001
"2423",2,843.920000000001
"2424",2,843.920000000001
"2425",2,843.920000000001
"2426",2,843.920000000001
"2427",2,843.920000000001
"2428",2,843.920000000001
"2429",2,843.920000000001
"2430",2,843.920000000001
"2431",2,843.920000000001
"2432",2,843.920000000001
"2433",2,843.920000000001
"2434",2,843.920000000001
"2435",2,843.920000000001
"2436",2,843.920000000001
"2437",2,843.920000000001
"2438",2,843.920000000001
"2439",2,843.920000000001
"2440",2,843.920000000001
"2441",2,921
"2442",2,921
"2443",2,921
"2444",2,921
"2445",2,921
"2446",2,921
"2447",2,921
"2448",2,921
"2449",2,921
"2450",2,921
"2451",2,921
"2452",2,921
"2453",2,921
"2454",2,921
"2455",2,921
"2456",2,921
"2457",2,921
"2458",2,921
"2459",2,921
"2460",2,921
"2461",2,914.86
"2462",2,914.86
"2463",2,914.86
"2464",2,914.86
"2465",2,914.86
"2466",2,914.86
"2467",2,914.86
"2468",2,914.86
"2469",2,914.86
"2470",2,914.86
"2471",2,914.86
"2472",2,914.86
"2473",2,914.86
"2474",2,914.86
"2475",2,914.86
"2476",2,914.86
"2477",2,914.86
"2478",2,914.86
"2479",2,914.86
"2480",2,914.86
"2481",2,658.170000000001
"2482",2,658.170000000001
"2483",2,658.170000000001
"2484",2,658.170000000001
"2485",2,658.170000000001
"2486",2,658.170000000001
"2487",2,658.170000000001
"2488",2,658.170000000001
"2489",2,658.170000000001
"2490",2,658.170000000001
"2491",2,658.170000000001
"2492",2,658.170000000001
"2493",2,658.170000000001
"2494",2,658.170000000001
"2495",2,658.170000000001
"2496",2,658.170000000001
"2497",2,658.170000000001
"2498",2,658.170000000001
"2499",2,658.170000000001
"2500",2,658.170000000001
"2501",2,736.119999999998
"2502",2,736.119999999998
"2503",2,736.119999999998
"2504",2,736.119999999998
"2505",2,736.119999999998
"2506",2,736.119999999998
"2507",2,736.119999999998
"2508",2,736.119999999998
"2509",2,736.119999999998
"2510",2,736.119999999998
"2511",2,736.119999999998
"2512",2,736.119999999998
"2513",2,736.119999999998
"2514",2,736.119999999998
"2515",2,736.119999999998
"2516",2,736.119999999998
"2517",2,736.119999999998
"2518",2,736.119999999998
"2519",2,736.119999999998
"2520",2,736.119999999998
"2521",2,822.360000000001
"2522",2,822.360000000001
"2523",2,822.360000000001
"2524",2,822.360000000001
"2525",2,822.360000000001
"2526",2,822.360000000001
"2527",2,822.360000000001
"2528",2,822.360000000001
"2529",2,822.360000000001
"2530",2,822.360000000001
"2531",2,822.360000000001
"2532",2,822.360000000001
"2533",2,822.360000000001
"2534",2,822.360000000001
"2535",2,822.360000000001
"2536",2,822.360000000001
"2537",2,822.360000000001
"2538",2,822.360000000001
"2539",2,822.360000000001
"2540",2,822.360000000001
"2541",2,1001.16
"2542",2,1001.16
"2543",2,1001.16
"2544",2,1001.16
"2545",2,1001.16
"2546",2,1001.16
"2547",2,1001.16
"2548",2,1001.16
"2549",2,1001.16
"2550",2,1001.16
"2551",2,1001.16
"2552",2,1001.16
"2553",2,1001.16
"2554",2,1001.16
"2555",2,1001.16
"2556",2,1001.16
"2557",2,1001.16
"2558",2,1001.16
"2559",2,1001.16
"2560",2,1001.16
"2561",2,837.76
"2562",2,837.76
"2563",2,837.76
"2564",2,837.76
"2565",2,837.76
"2566",2,837.76
"2567",2,837.76
"2568",2,837.76
"2569",2,837.76
"2570",2,837.76
"2571",2,837.76
"2572",2,837.76
"2573",2,837.76
"2574",2,837.76
"2575",2,837.76
"2576",2,837.76
"2577",2,837.76
"2578",2,837.76
"2579",2,837.76
"2580",2,837.76
"2581",2,951.719999999994
"2582",2,951.719999999994
"2583",2,951.719999999994
"2584",2,951.719999999994
"2585",2,951.719999999994
"2586",2,951.719999999994
"2587",2,951.719999999994
"2588",2,951.719999999994
"2589",2,951.719999999994
"2590",2,951.719999999994
"2591",2,951.719999999994
"2592",2,951.719999999994
"2593",2,951.719999999994
"2594",2,951.719999999994
"2595",2,951.719999999994
"2596",2,951.719999999994
"2597",2,951.719999999994
"2598",2,951.719999999994
"2599",2,951.719999999994
"2600",2,951.719999999994
"2601",2,766.920000000001
"2602",2,766.920000000001
"2603",2,766.920000000001
"2604",2,766.920000000001
"2605",2,766.920000000001
"2606",2,766.920000000001
"2607",2,766.920000000001
"2608",2,766.920000000001
"2609",2,766.920000000001
"2610",2,766.920000000001
"2611",2,766.920000000001
"2612",2,766.920000000001
"2613",2,766.920000000001
"2614",2,766.920000000001
"2615",2,766.920000000001
"2616",2,766.920000000001
"2617",2,766.920000000001
"2618",2,766.920000000001
"2619",2,766.920000000001
"2620",2,766.920000000001
"2621",2,962.240000000002
"2622",2,962.240000000002
"2623",2,962.240000000002
"2624",2,962.240000000002
"2625",2,962.240000000002
"2626",2,962.240000000002
"2627",2,962.240000000002
"2628",2,962.240000000002
"2629",2,962.240000000002
"2630",2,962.240000000002
"2631",2,962.240000000002
"2632",2,962.240000000002
"2633",2,962.240000000002
"2634",2,962.240000000002
"2635",2,962.240000000002
"2636",2,962.240000000002
"2637",2,962.240000000002
"2638",2,962.240000000002
"2639",2,962.240000000002
"2640",2,962.240000000002
"2641",2,914.190000000001
"2642",2,914.190000000001
"2643",2,914.190000000001
"2644",2,914.190000000001
"2645",2,914.190000000001
"2646",2,914.190000000001
"2647",2,914.190000000001
"2648",2,914.190000000001
"2649",2,914.190000000001
"2650",2,914.190000000001
"2651",2,914.190000000001
"2652",2,914.190000000001
"2653",2,914.190000000001
"2654",2,914.190000000001
"2655",2,914.190000000001
"2656",2,914.190000000001
"2657",2,914.190000000001
"2658",2,914.190000000001
"2659",2,914.190000000001
"2660",2,914.190000000001
"2661",2,917.929999999999
"2662",2,917.929999999999
"2663",2,917.929999999999
"2664",2,917.929999999999
"2665",2,917.929999999999
"2666",2,917.929999999999
"2667",2,917.929999999999
"2668",2,917.929999999999
"2669",2,917.929999999999
"2670",2,917.929999999999
"2671",2,917.929999999999
"2672",2,917.929999999999
"2673",2,917.929999999999
"2674",2,917.929999999999
"2675",2,917.929999999999
"2676",2,917.929999999999
"2677",2,917.929999999999
"2678",2,917.929999999999
"2679",2,917.929999999999
"2680",2,917.929999999999
"2681",2,914.64
"2682",2,914.64
"2683",2,914.64
"2684",2,914.64
"2685",2,914.64
"2686",2,914.64
"2687",2,914.64
"2688",2,914.64
"2689",2,914.64
"2690",2,914.64
"2691",2,914.64
"2692",2,914.64
"2693",2,914.64
"2694",2,914.64
"2695",2,914.64
"2696",2,914.64
"2697",2,914.64
"2698",2,914.64
"2699",2,914.64
"2700",2,914.64
"2701",2,702.239999999999
"2702",2,702.239999999999
"2703",2,702.239999999999
"2704",2,702.239999999999
"2705",2,702.239999999999
"2706",2,702.239999999999
"2707",2,702.239999999999
"2708",2,702.239999999999
"2709",2,702.239999999999
"2710",2,702.239999999999
"2711",2,702.239999999999
"2712",2,702.239999999999
"2713",2,702.239999999999
"2714",2,702.239999999999
"2715",2,702.239999999999
"2716",2,702.239999999999
"2717",2,702.239999999999
"2718",2,702.239999999999
"2719",2,702.239999999999
"2720",2,702.239999999999
"2721",2,1060.2
"2722",2,1060.2
"2723",2,1060.2
"2724",2,1060.2
"2725",2,1060.2
"2726",2,1060.2
"2727",2,1060.2
"2728",2,1060.2
"2729",2,1060.2
"2730",2,1060.2
"2731",2,1060.2
"2732",2,1060.2
"2733",2,1060.2
"2734",2,1060.2
"2735",2,1060.2
"2736",2,1060.2
"2737",2,1060.2
"2738",2,1060.2
"2739",2,1060.2
"2740",2,1060.2
"2741",2,736.12
"2742",2,736.12
"2743",2,736.12
"2744",2,736.12
"2745",2,736.12
"2746",2,736.12
"2747",2,736.12
"2748",2,736.12
"2749",2,736.12
"2750",2,736.12
"2751",2,736.12
"2752",2,736.12
"2753",2,736.12
"2754",2,736.12
"2755",2,736.12
"2756",2,736.12
"2757",2,736.12
"2758",2,736.12
"2759",2,736.12
"2760",2,736.12
"2761",2,670.529999999997
"2762",2,670.529999999997
"2763",2,670.529999999997
"2764",2,670.529999999997
"2765",2,670.529999999997
"2766",2,670.529999999997
"2767",2,670.529999999997
"2768",2,670.529999999997
"2769",2,670.529999999997
"2770",2,670.529999999997
"2771",2,670.529999999997
"2772",2,670.529999999997
"2773",2,670.529999999997
"2774",2,670.529999999997
"2775",2,670.529999999997
"2776",2,670.529999999997
"2777",2,670.529999999997
"2778",2,670.529999999997
"2779",2,670.529999999997
"2780",2,670.529999999997
"2781",2,948.63
"2782",2,948.63
"2783",2,948.63
"2784",2,948.63
"2785",2,948.63
"2786",2,948.63
"2787",2,948.63
"2788",2,948.63
"2789",2,948.63
"2790",2,948.63
"2791",2,948.63
"2792",2,948.63
"2793",2,948.63
"2794",2,948.63
"2795",2,948.63
"2796",2,948.63
"2797",2,948.63
"2798",2,948.63
"2799",2,948.63
"2800",2,948.63
"2801",2,914.189999999999
"2802",2,914.189999999999
"2803",2,914.189999999999
"2804",2,914.189999999999
"2805",2,914.189999999999
"2806",2,914.189999999999
"2807",2,914.189999999999
"2808",2,914.189999999999
"2809",2,914.189999999999
"2810",2,914.189999999999
"2811",2,914.189999999999
"2812",2,914.189999999999
"2813",2,914.189999999999
"2814",2,914.189999999999
"2815",2,914.189999999999
"2816",2,914.189999999999
"2817",2,914.189999999999
"2818",2,914.189999999999
"2819",2,914.189999999999
"2820",2,914.189999999999
"2821",2,1103.13
"2822",2,1103.13
"2823",2,1103.13
"2824",2,1103.13
"2825",2,1103.13
"2826",2,1103.13
"2827",2,1103.13
"2828",2,1103.13
"2829",2,1103.13
"2830",2,1103.13
"2831",2,1103.13
"2832",2,1103.13
"2833",2,1103.13
"2834",2,1103.13
"2835",2,1103.13
"2836",2,1103.13
"2837",2,1103.13
"2838",2,1103.13
"2839",2,1103.13
"2840",2,1103.13
"2841",2,822.359999999999
"2842",2,822.359999999999
"2843",2,822.359999999999
"2844",2,822.359999999999
"2845",2,822.359999999999
"2846",2,822.359999999999
"2847",2,822.359999999999
"2848",2,822.359999999999
"2849",2,822.359999999999
"2850",2,822.359999999999
"2851",2,822.359999999999
"2852",2,822.359999999999
"2853",2,822.359999999999
"2854",2,822.359999999999
"2855",2,822.359999999999
"2856",2,822.359999999999
"2857",2,822.359999999999
"2858",2,822.359999999999
"2859",2,822.359999999999
"2860",2,822.359999999999
"2861",2,1168.02
"2862",2,1168.02
"2863",2,1168.02
"2864",2,1168.02
"2865",2,1168.02
"2866",2,1168.02
"2867",2,1168.02
"2868",2,1168.02
"2869",2,1168.02
"2870",2,1168.02
"2871",2,1168.02
"2872",2,1168.02
"2873",2,1168.02
"2874",2,1168.02
"2875",2,1168.02
"2876",2,1168.02
"2877",2,1168.02
"2878",2,1168.02
"2879",2,1168.02
"2880",2,1168.02
"2881",2,945.559999999999
"2882",2,945.559999999999
"2883",2,945.559999999999
"2884",2,945.559999999999
"2885",2,945.559999999999
"2886",2,945.559999999999
"2887",2,945.559999999999
"2888",2,945.559999999999
"2889",2,945.559999999999
"2890",2,945.559999999999
"2891",2,945.559999999999
"2892",2,945.559999999999
"2893",2,945.559999999999
"2894",2,945.559999999999
"2895",2,945.559999999999
"2896",2,945.559999999999
"2897",2,945.559999999999
"2898",2,945.559999999999
"2899",2,945.559999999999
"2900",2,945.559999999999
"2901",2,897.76
"2902",2,897.76
"2903",2,897.76
"2904",2,897.76
"2905",2,897.76
"2906",2,897.76
"2907",2,897.76
"2908",2,897.76
"2909",2,897.76
"2910",2,897.76
"2911",2,897.76
"2912",2,897.76
"2913",2,897.76
"2914",2,897.76
"2915",2,897.76
"2916",2,897.76
"2917",2,897.76
"2918",2,897.76
"2919",2,897.76
"2920",2,897.76
"2921",2,832.04
"2922",2,832.04
"2923",2,832.04
"2924",2,832.04
"2925",2,832.04
"2926",2,832.04
"2927",2,832.04
"2928",2,832.04
"2929",2,832.04
"2930",2,832.04
"2931",2,832.04
"2932",2,832.04
"2933",2,832.04
"2934",2,832.04
"2935",2,832.04
"2936",2,832.04
"2937",2,832.04
"2938",2,832.04
"2939",2,832.04
"2940",2,832.04
"2941",2,670.529999999998
"2942",2,670.529999999998
"2943",2,670.529999999998
"2944",2,670.529999999998
"2945",2,670.529999999998
"2946",2,670.529999999998
"2947",2,670.529999999998
"2948",2,670.529999999998
"2949",2,670.529999999998
"2950",2,670.529999999998
"2951",2,670.529999999998
"2952",2,670.529999999998
"2953",2,670.529999999998
"2954",2,670.529999999998
"2955",2,670.529999999998
"2956",2,670.529999999998
"2957",2,670.529999999998
"2958",2,670.529999999998
"2959",2,670.529999999998
"2960",2,670.529999999998
"2961",2,702.239999999999
"2962",2,702.239999999999
"2963",2,702.239999999999
"2964",2,702.239999999999
"2965",2,702.239999999999
"2966",2,702.239999999999
"2967",2,702.239999999999
"2968",2,702.239999999999
"2969",2,702.239999999999
"2970",2,702.239999999999
"2971",2,702.239999999999
"2972",2,702.239999999999
"2973",2,702.239999999999
"2974",2,702.239999999999
"2975",2,702.239999999999
"2976",2,702.239999999999
"2977",2,702.239999999999
"2978",2,702.239999999999
"2979",2,702.239999999999
"2980",2,702.239999999999
"2981",2,914.859999999999
"2982",2,914.859999999999
"2983",2,914.859999999999
"2984",2,914.859999999999
"2985",2,914.859999999999
"2986",2,914.859999999999
"2987",2,914.859999999999
"2988",2,914.859999999999
"2989",2,914.859999999999
"2990",2,914.859999999999
"2991",2,914.859999999999
"2992",2,914.859999999999
"2993",2,914.859999999999
"2994",2,914.859999999999
"2995",2,914.859999999999
"2996",2,914.859999999999
"2997",2,914.859999999999
"2998",2,914.859999999999
"2999",2,914.859999999999
"3000",2,914.859999999999
"3001",2,723.799999999998
"3002",2,723.799999999998
"3003",2,723.799999999998
"3004",2,723.799999999998
"3005",2,723.799999999998
"3006",2,723.799999999998
"3007",2,723.799999999998
"3008",2,723.799999999998
"3009",2,723.799999999998
"3010",2,723.799999999998
"3011",2,723.799999999998
"3012",2,723.799999999998
"3013",2,723.799999999998
"3014",2,723.799999999998
"3015",2,723.799999999998
"3016",2,723.799999999998
"3017",2,723.799999999998
"3018",2,723.799999999998
"3019",2,723.799999999998
"3020",2,723.799999999998
"3021",2,880.880000000001
"3022",2,880.880000000001
"3023",2,880.880000000001
"3024",2,880.880000000001
"3025",2,880.880000000001
"3026",2,880.880000000001
"3027",2,880.880000000001
"3028",2,880.880000000001
"3029",2,880.880000000001
"3030",2,880.880000000001
"3031",2,880.880000000001
"3032",2,880.880000000001
"3033",2,880.880000000001
"3034",2,880.880000000001
"3035",2,880.880000000001
"3036",2,880.880000000001
"3037",2,880.880000000001
"3038",2,880.880000000001
"3039",2,880.880000000001
"3040",2,880.880000000001
"3041",2,1168.02
"3042",2,1168.02
"3043",2,1168.02
"3044",2,1168.02
"3045",2,1168.02
"3046",2,1168.02
"3047",2,1168.02
"3048",2,1168.02
"3049",2,1168.02
"3050",2,1168.02
"3051",2,1168.02
"3052",2,1168.02
"3053",2,1168.02
"3054",2,1168.02
"3055",2,1168.02
"3056",2,1168.02
"3057",2,1168.02
"3058",2,1168.02
"3059",2,1168.02
"3060",2,1168.02
"3061",2,695.249999999998
"3062",2,695.249999999998
"3063",2,695.249999999998
"3064",2,695.249999999998
"3065",2,695.249999999998
"3066",2,695.249999999998
"3067",2,695.249999999998
"3068",2,695.249999999998
"3069",2,695.249999999998
"3070",2,695.249999999998
"3071",2,695.249999999998
"3072",2,695.249999999998
"3073",2,695.249999999998
"3074",2,695.249999999998
"3075",2,695.249999999998
"3076",2,695.249999999998
"3077",2,695.249999999998
"3078",2,695.249999999998
"3079",2,695.249999999998
"3080",2,695.249999999998
"3081",2,962.239999999991
"3082",2,962.239999999991
"3083",2,962.239999999991
"3084",2,962.239999999991
"3085",2,962.239999999991
"3086",2,962.239999999991
"3087",2,962.239999999991
"3088",2,962.239999999991
"3089",2,962.239999999991
"3090",2,962.239999999991
"3091",2,962.239999999991
"3092",2,962.239999999991
"3093",2,962.239999999991
"3094",2,962.239999999991
"3095",2,962.239999999991
"3096",2,962.239999999991
"3097",2,962.239999999991
"3098",2,962.239999999991
"3099",2,962.239999999991
"3100",2,962.239999999991
"3101",2,1004.4
"3102",2,1004.4
"3103",2,1004.4
"3104",2,1004.4
"3105",2,1004.4
"3106",2,1004.4
"3107",2,1004.4
"3108",2,1004.4
"3109",2,1004.4
"3110",2,1004.4
"3111",2,1004.4
"3112",2,1004.4
"3113",2,1004.4
"3114",2,1004.4
"3115",2,1004.4
"3116",2,1004.4
"3117",2,1004.4
"3118",2,1004.4
"3119",2,1004.4
"3120",2,1004.4
"3121",2,1056.78
"3122",2,1056.78
"3123",2,1056.78
"3124",2,1056.78
"3125",2,1056.78
"3126",2,1056.78
"3127",2,1056.78
"3128",2,1056.78
"3129",2,1056.78
"3130",2,1056.78
"3131",2,1056.78
"3132",2,1056.78
"3133",2,1056.78
"3134",2,1056.78
"3135",2,1056.78
"3136",2,1056.78
"3137",2,1056.78
"3138",2,1056.78
"3139",2,1056.78
"3140",2,1056.78
"3141",2,897.76
"3142",2,897.76
"3143",2,897.76
"3144",2,897.76
"3145",2,897.76
"3146",2,897.76
"3147",2,897.76
"3148",2,897.76
"3149",2,897.76
"3150",2,897.76
"3151",2,897.76
"3152",2,897.76
"3153",2,897.76
"3154",2,897.76
"3155",2,897.76
"3156",2,897.76
"3157",2,897.76
"3158",2,897.76
"3159",2,897.76
"3160",2,897.76
"3161",2,948.63
"3162",2,948.63
"3163",2,948.63
"3164",2,948.63
"3165",2,948.63
"3166",2,948.63
"3167",2,948.63
"3168",2,948.63
"3169",2,948.63
"3170",2,948.63
"3171",2,948.63
"3172",2,948.63
"3173",2,948.63
"3174",2,948.63
"3175",2,948.63
"3176",2,948.63
"3177",2,948.63
"3178",2,948.63
"3179",2,948.63
"3180",2,948.63
"3181",2,837.759999999999
"3182",2,837.759999999999
"3183",2,837.759999999999
"3184",2,837.759999999999
"3185",2,837.759999999999
"3186",2,837.759999999999
"3187",2,837.759999999999
"3188",2,837.759999999999
"3189",2,837.759999999999
"3190",2,837.759999999999
"3191",2,837.759999999999
"3192",2,837.759999999999
"3193",2,837.759999999999
"3194",2,837.759999999999
"3195",2,837.759999999999
"3196",2,837.759999999999
"3197",2,837.759999999999
"3198",2,837.759999999999
"3199",2,837.759999999999
"3200",2,837.759999999999
"3201",2,939.420000000001
"3202",2,939.420000000001
"3203",2,939.420000000001
"3204",2,939.420000000001
"3205",2,939.420000000001
"3206",2,939.420000000001
"3207",2,939.420000000001
"3208",2,939.420000000001
"3209",2,939.420000000001
"3210",2,939.420000000001
"3211",2,939.420000000001
"3212",2,939.420000000001
"3213",2,939.420000000001
"3214",2,939.420000000001
"3215",2,939.420000000001
"3216",2,939.420000000001
"3217",2,939.420000000001
"3218",2,939.420000000001
"3219",2,939.420000000001
"3220",2,939.420000000001
"3221",2,776.160000000001
"3222",2,776.160000000001
"3223",2,776.160000000001
"3224",2,776.160000000001
"3225",2,776.160000000001
"3226",2,776.160000000001
"3227",2,776.160000000001
"3228",2,776.160000000001
"3229",2,776.160000000001
"3230",2,776.160000000001
"3231",2,776.160000000001
"3232",2,776.160000000001
"3233",2,776.160000000001
"3234",2,776.160000000001
"3235",2,776.160000000001
"3236",2,776.160000000001
"3237",2,776.160000000001
"3238",2,776.160000000001
"3239",2,776.160000000001
"3240",2,776.160000000001
"3241",2,821.940000000001
"3242",2,821.940000000001
"3243",2,821.940000000001
"3244",2,821.940000000001
"3245",2,821.940000000001
"3246",2,821.940000000001
"3247",2,821.940000000001
"3248",2,821.940000000001
"3249",2,821.940000000001
"3250",2,821.940000000001
"3251",2,821.940000000001
"3252",2,821.940000000001
"3253",2,821.940000000001
"3254",2,821.940000000001
"3255",2,821.940000000001
"3256",2,821.940000000001
"3257",2,821.940000000001
"3258",2,821.940000000001
"3259",2,821.940000000001
"3260",2,821.940000000001
"3261",2,866.759999999998
"3262",2,866.759999999998
"3263",2,866.759999999998
"3264",2,866.759999999998
"3265",2,866.759999999998
"3266",2,866.759999999998
"3267",2,866.759999999998
"3268",2,866.759999999998
"3269",2,866.759999999998
"3270",2,866.759999999998
"3271",2,866.759999999998
"3272",2,866.759999999998
"3273",2,866.759999999998
"3274",2,866.759999999998
"3275",2,866.759999999998
"3276",2,866.759999999998
"3277",2,866.759999999998
"3278",2,866.759999999998
"3279",2,866.759999999998
"3280",2,866.759999999998
"3281",2,853.160000000001
"3282",2,853.160000000001
"3283",2,853.160000000001
"3284",2,853.160000000001
"3285",2,853.160000000001
"3286",2,853.160000000001
"3287",2,853.160000000001
"3288",2,853.160000000001
"3289",2,853.160000000001
"3290",2,853.160000000001
"3291",2,853.160000000001
"3292",2,853.160000000001
"3293",2,853.160000000001
"3294",2,853.160000000001
"3295",2,853.160000000001
"3296",2,853.160000000001
"3297",2,853.160000000001
"3298",2,853.160000000001
"3299",2,853.160000000001
"3300",2,853.160000000001
"3301",2,859.320000000001
"3302",2,859.320000000001
"3303",2,859.320000000001
"3304",2,859.320000000001
"3305",2,859.320000000001
"3306",2,859.320000000001
"3307",2,859.320000000001
"3308",2,859.320000000001
"3309",2,859.320000000001
"3310",2,859.320000000001
"3311",2,859.320000000001
"3312",2,859.320000000001
"3313",2,859.320000000001
"3314",2,859.320000000001
"3315",2,859.320000000001
"3316",2,859.320000000001
"3317",2,859.320000000001
"3318",2,859.320000000001
"3319",2,859.320000000001
"3320",2,859.320000000001
"3321",2,766.319999999997
"3322",2,766.319999999997
"3323",2,766.319999999997
"3324",2,766.319999999997
"3325",2,766.319999999997
"3326",2,766.319999999997
"3327",2,766.319999999997
"3328",2,766.319999999997
"3329",2,766.319999999997
"3330",2,766.319999999997
"3331",2,766.319999999997
"3332",2,766.319999999997
"3333",2,766.319999999997
"3334",2,766.319999999997
"3335",2,766.319999999997
"3336",2,766.319999999997
"3337",2,766.319999999997
"3338",2,766.319999999997
"3339",2,766.319999999997
"3340",2,766.319999999997
"3341",2,702.239999999997
"3342",2,702.239999999997
"3343",2,702.239999999997
"3344",2,702.239999999997
"3345",2,702.239999999997
"3346",2,702.239999999997
"3347",2,702.239999999997
"3348",2,702.239999999997
"3349",2,702.239999999997
"3350",2,702.239999999997
"3351",2,702.239999999997
"3352",2,702.239999999997
"3353",2,702.239999999997
"3354",2,702.239999999997
"3355",2,702.239999999997
"3356",2,702.239999999997
"3357",2,702.239999999997
"3358",2,702.239999999997
"3359",2,702.239999999997
"3360",2,702.239999999997
"3361",2,993.859999999999
"3362",2,993.859999999999
"3363",2,993.859999999999
"3364",2,993.859999999999
"3365",2,993.859999999999
"3366",2,993.859999999999
"3367",2,993.859999999999
"3368",2,993.859999999999
"3369",2,993.859999999999
"3370",2,993.859999999999
"3371",2,993.859999999999
"3372",2,993.859999999999
"3373",2,993.859999999999
"3374",2,993.859999999999
"3375",2,993.859999999999
"3376",2,993.859999999999
"3377",2,993.859999999999
"3378",2,993.859999999999
"3379",2,993.859999999999
"3380",2,993.859999999999
"3381",2,837.759999999998
"3382",2,837.759999999998
"3383",2,837.759999999998
"3384",2,837.759999999998
"3385",2,837.759999999998
"3386",2,837.759999999998
"3387",2,837.759999999998
"3388",2,837.759999999998
"3389",2,837.759999999998
"3390",2,837.759999999998
"3391",2,837.759999999998
"3392",2,837.759999999998
"3393",2,837.759999999998
"3394",2,837.759999999998
"3395",2,837.759999999998
"3396",2,837.759999999998
"3397",2,837.759999999998
"3398",2,837.759999999998
"3399",2,837.759999999998
"3400",2,837.759999999998
"3401",2,855.599999999999
"3402",2,855.599999999999
"3403",2,855.599999999999
"3404",2,855.599999999999
"3405",2,855.599999999999
"3406",2,855.599999999999
"3407",2,855.599999999999
"3408",2,855.599999999999
"3409",2,855.599999999999
"3410",2,855.599999999999
"3411",2,855.599999999999
"3412",2,855.599999999999
"3413",2,855.599999999999
"3414",2,855.599999999999
"3415",2,855.599999999999
"3416",2,855.599999999999
"3417",2,855.599999999999
"3418",2,855.599999999999
"3419",2,855.599999999999
"3420",2,855.599999999999
"3421",2,1192.74000000001
"3422",2,1192.74000000001
"3423",2,1192.74000000001
"3424",2,1192.74000000001
"3425",2,1192.74000000001
"3426",2,1192.74000000001
"3427",2,1192.74000000001
"3428",2,1192.74000000001
"3429",2,1192.74000000001
"3430",2,1192.74000000001
"3431",2,1192.74000000001
"3432",2,1192.74000000001
"3433",2,1192.74000000001
"3434",2,1192.74000000001
"3435",2,1192.74000000001
"3436",2,1192.74000000001
"3437",2,1192.74000000001
"3438",2,1192.74000000001
"3439",2,1192.74000000001
"3440",2,1192.74000000001
"3441",2,1217.46
"3442",2,1217.46
"3443",2,1217.46
"3444",2,1217.46
"3445",2,1217.46
"3446",2,1217.46
"3447",2,1217.46
"3448",2,1217.46
"3449",2,1217.46
"3450",2,1217.46
"3451",2,1217.46
"3452",2,1217.46
"3453",2,1217.46
"3454",2,1217.46
"3455",2,1217.46
"3456",2,1217.46
"3457",2,1217.46
"3458",2,1217.46
"3459",2,1217.46
"3460",2,1217.46
"3461",2,945.56
"3462",2,945.56
"3463",2,945.56
"3464",2,945.56
"3465",2,945.56
"3466",2,945.56
"3467",2,945.56
"3468",2,945.56
"3469",2,945.56
"3470",2,945.56
"3471",2,945.56
"3472",2,945.56
"3473",2,945.56
"3474",2,945.56
"3475",2,945.56
"3476",2,945.56
"3477",2,945.56
"3478",2,945.56
"3479",2,945.56
"3480",2,945.56
"3481",2,768.8
"3482",2,768.8
"3483",2,768.8
"3484",2,768.8
"3485",2,768.8
"3486",2,768.8
"3487",2,768.8
"3488",2,768.8
"3489",2,768.8
"3490",2,768.8
"3491",2,768.8
"3492",2,768.8
"3493",2,768.8
"3494",2,768.8
"3495",2,768.8
"3496",2,768.8
"3497",2,768.8
"3498",2,768.8
"3499",2,768.8
"3500",2,768.8
"3501",2,936.35
"3502",2,936.35
"3503",2,936.35
"3504",2,936.35
"3505",2,936.35
"3506",2,936.35
"3507",2,936.35
"3508",2,936.35
"3509",2,936.35
"3510",2,936.35
"3511",2,936.35
"3512",2,936.35
"3513",2,936.35
"3514",2,936.35
"3515",2,936.35
"3516",2,936.35
"3517",2,936.35
"3518",2,936.35
"3519",2,936.35
"3520",2,936.35
"3521",2,945.56
"3522",2,945.56
"3523",2,945.56
"3524",2,945.56
"3525",2,945.56
"3526",2,945.56
"3527",2,945.56
"3528",2,945.56
"3529",2,945.56
"3530",2,945.56
"3531",2,945.56
"3532",2,945.56
"3533",2,945.56
"3534",2,945.56
"3535",2,945.56
"3536",2,945.56
"3537",2,945.56
"3538",2,945.56
"3539",2,945.56
"3540",2,945.56
"3541",2,859.320000000002
"3542",2,859.320000000002
"3543",2,859.320000000002
"3544",2,859.320000000002
"3545",2,859.320000000002
"3546",2,859.320000000002
"3547",2,859.320000000002
"3548",2,859.320000000002
"3549",2,859.320000000002
"3550",2,859.320000000002
"3551",2,859.320000000002
"3552",2,859.320000000002
"3553",2,859.320000000002
"3554",2,859.320000000002
"3555",2,859.320000000002
"3556",2,859.320000000002
"3557",2,859.320000000002
"3558",2,859.320000000002
"3559",2,859.320000000002
"3560",2,859.320000000002
"3561",2,945.539999999997
"3562",2,945.539999999997
"3563",2,945.539999999997
"3564",2,945.539999999997
"3565",2,945.539999999997
"3566",2,945.539999999997
"3567",2,945.539999999997
"3568",2,945.539999999997
"3569",2,945.539999999997
"3570",2,945.539999999997
"3571",2,945.539999999997
"3572",2,945.539999999997
"3573",2,945.539999999997
"3574",2,945.539999999997
"3575",2,945.539999999997
"3576",2,945.539999999997
"3577",2,945.539999999997
"3578",2,945.539999999997
"3579",2,945.539999999997
"3580",2,945.539999999997
"3581",2,837.759999999999
"3582",2,837.759999999999
"3583",2,837.759999999999
"3584",2,837.759999999999
"3585",2,837.759999999999
"3586",2,837.759999999999
"3587",2,837.759999999999
"3588",2,837.759999999999
"3589",2,837.759999999999
"3590",2,837.759999999999
"3591",2,837.759999999999
"3592",2,837.759999999999
"3593",2,837.759999999999
"3594",2,837.759999999999
"3595",2,837.759999999999
"3596",2,837.759999999999
"3597",2,837.759999999999
"3598",2,837.759999999999
"3599",2,837.759999999999
"3600",2,837.759999999999
"3601",2,948.63
"3602",2,948.63
"3603",2,948.63
"3604",2,948.63
"3605",2,948.63
"3606",2,948.63
"3607",2,948.63
"3608",2,948.63
"3609",2,948.63
"3610",2,948.63
"3611",2,948.63
"3612",2,948.63
"3613",2,948.63
"3614",2,948.63
"3615",2,948.63
"3616",2,948.63
"3617",2,948.63
"3618",2,948.63
"3619",2,948.63
"3620",2,948.63
"3621",2,948.63
"3622",2,948.63
"3623",2,948.63
"3624",2,948.63
"3625",2,948.63
"3626",2,948.63
"3627",2,948.63
"3628",2,948.63
"3629",2,948.63
"3630",2,948.63
"3631",2,948.63
"3632",2,948.63
"3633",2,948.63
"3634",2,948.63
"3635",2,948.63
"3636",2,948.63
"3637",2,948.63
"3638",2,948.63
"3639",2,948.63
"3640",2,948.63
"3641",2,945.56
"3642",2,945.56
"3643",2,945.56
"3644",2,945.56
"3645",2,945.56
"3646",2,945.56
"3647",2,945.56
"3648",2,945.56
"3649",2,945.56
"3650",2,945.56
"3651",2,945.56
"3652",2,945.56
"3653",2,945.56
"3654",2,945.56
"3655",2,945.56
"3656",2,945.56
"3657",2,945.56
"3658",2,945.56
"3659",2,945.56
"3660",2,945.56
"3661",2,1001.16
"3662",2,1001.16
"3663",2,1001.16
"3664",2,1001.16
"3665",2,1001.16
"3666",2,1001.16
"3667",2,1001.16
"3668",2,1001.16
"3669",2,1001.16
"3670",2,1001.16
"3671",2,1001.16
"3672",2,1001.16
"3673",2,1001.16
"3674",2,1001.16
"3675",2,1001.16
"3676",2,1001.16
"3677",2,1001.16
"3678",2,1001.16
"3679",2,1001.16
"3680",2,1001.16
"3681",2,1004.4
"3682",2,1004.4
"3683",2,1004.4
"3684",2,1004.4
"3685",2,1004.4
"3686",2,1004.4
"3687",2,1004.4
"3688",2,1004.4
"3689",2,1004.4
"3690",2,1004.4
"3691",2,1004.4
"3692",2,1004.4
"3693",2,1004.4
"3694",2,1004.4
"3695",2,1004.4
"3696",2,1004.4
"3697",2,1004.4
"3698",2,1004.4
"3699",2,1004.4
"3700",2,1004.4
"3701",2,875.75
"3702",2,875.75
"3703",2,875.75
"3704",2,875.75
"3705",2,875.75
"3706",2,875.75
"3707",2,875.75
"3708",2,875.75
"3709",2,875.75
"3710",2,875.75
"3711",2,875.75
"3712",2,875.75
"3713",2,875.75
"3714",2,875.75
"3715",2,875.75
"3716",2,875.75
"3717",2,875.75
"3718",2,875.75
"3719",2,875.75
"3720",2,875.75
"3721",2,948.63
"3722",2,948.63
"3723",2,948.63
"3724",2,948.63
"3725",2,948.63
"3726",2,948.63
"3727",2,948.63
"3728",2,948.63
"3729",2,948.63
"3730",2,948.63
"3731",2,948.63
"3732",2,948.63
"3733",2,948.63
"3734",2,948.63
"3735",2,948.63
"3736",2,948.63
"3737",2,948.63
"3738",2,948.63
"3739",2,948.63
"3740",2,948.63
"3741",2,832.04
"3742",2,832.04
"3743",2,832.04
"3744",2,832.04
"3745",2,832.04
"3746",2,832.04
"3747",2,832.04
"3748",2,832.04
"3749",2,832.04
"3750",2,832.04
"3751",2,832.04
"3752",2,832.04
"3753",2,832.04
"3754",2,832.04
"3755",2,832.04
"3756",2,832.04
"3757",2,832.04
"3758",2,832.04
"3759",2,832.04
"3760",2,832.04
"3761",2,902.44
"3762",2,902.44
"3763",2,902.44
"3764",2,902.44
"3765",2,902.44
"3766",2,902.44
"3767",2,902.44
"3768",2,902.44
"3769",2,902.44
"3770",2,902.44
"3771",2,902.44
"3772",2,902.44
"3773",2,902.44
"3774",2,902.44
"3775",2,902.44
"3776",2,902.44
"3777",2,902.44
"3778",2,902.44
"3779",2,902.44
"3780",2,902.44
"3781",2,843.92
"3782",2,843.92
"3783",2,843.92
"3784",2,843.92
"3785",2,843.92
"3786",2,843.92
"3787",2,843.92
"3788",2,843.92
"3789",2,843.92
"3790",2,843.92
"3791",2,843.92
"3792",2,843.92
"3793",2,843.92
"3794",2,843.92
"3795",2,843.92
"3796",2,843.92
"3797",2,843.92
"3798",2,843.92
"3799",2,843.92
"3800",2,843.92
"3801",2,866.760000000001
"3802",2,866.760000000001
"3803",2,866.760000000001
"3804",2,866.760000000001
"3805",2,866.760000000001
"3806",2,866.760000000001
"3807",2,866.760000000001
"3808",2,866.760000000001
"3809",2,866.760000000001
"3810",2,866.760000000001
"3811",2,866.760000000001
"3812",2,866.760000000001
"3813",2,866.760000000001
"3814",2,866.760000000001
"3815",2,866.760000000001
"3816",2,866.760000000001
"3817",2,866.760000000001
"3818",2,866.760000000001
"3819",2,866.760000000001
"3820",2,866.760000000001
"3821",2,658.170000000001
"3822",2,658.170000000001
"3823",2,658.170000000001
"3824",2,658.170000000001
"3825",2,658.170000000001
"3826",2,658.170000000001
"3827",2,658.170000000001
"3828",2,658.170000000001
"3829",2,658.170000000001
"3830",2,658.170000000001
"3831",2,658.170000000001
"3832",2,658.170000000001
"3833",2,658.170000000001
"3834",2,658.170000000001
"3835",2,658.170000000001
"3836",2,658.170000000001
"3837",2,658.170000000001
"3838",2,658.170000000001
"3839",2,658.170000000001
"3840",2,658.170000000001
"3841",2,866.760000000001
"3842",2,866.760000000001
"3843",2,866.760000000001
"3844",2,866.760000000001
"3845",2,866.760000000001
"3846",2,866.760000000001
"3847",2,866.760000000001
"3848",2,866.760000000001
"3849",2,866.760000000001
"3850",2,866.760000000001
"3851",2,866.760000000001
"3852",2,866.760000000001
"3853",2,866.760000000001
"3854",2,866.760000000001
"3855",2,866.760000000001
"3856",2,866.760000000001
"3857",2,866.760000000001
"3858",2,866.760000000001
"3859",2,866.760000000001
"3860",2,866.760000000001
"3861",2,914.64
"3862",2,914.64
"3863",2,914.64
"3864",2,914.64
"3865",2,914.64
"3866",2,914.64
"3867",2,914.64
"3868",2,914.64
"3869",2,914.64
"3870",2,914.64
"3871",2,914.64
"3872",2,914.64
"3873",2,914.64
"3874",2,914.64
"3875",2,914.64
"3876",2,914.64
"3877",2,914.64
"3878",2,914.64
"3879",2,914.64
"3880",2,914.64
"3881",2,883.739999999998
"3882",2,883.739999999998
"3883",2,883.739999999998
"3884",2,883.739999999998
"3885",2,883.739999999998
"3886",2,883.739999999998
"3887",2,883.739999999998
"3888",2,883.739999999998
"3889",2,883.739999999998
"3890",2,883.739999999998
"3891",2,883.739999999998
"3892",2,883.739999999998
"3893",2,883.739999999998
"3894",2,883.739999999998
"3895",2,883.739999999998
"3896",2,883.739999999998
"3897",2,883.739999999998
"3898",2,883.739999999998
"3899",2,883.739999999998
"3900",2,883.739999999998
"3901",2,924.07
"3902",2,924.07
"3903",2,924.07
"3904",2,924.07
"3905",2,924.07
"3906",2,924.07
"3907",2,924.07
"3908",2,924.07
"3909",2,924.07
"3910",2,924.07
"3911",2,924.07
"3912",2,924.07
"3913",2,924.07
"3914",2,924.07
"3915",2,924.07
"3916",2,924.07
"3917",2,924.07
"3918",2,924.07
"3919",2,924.07
"3920",2,924.07
"3921",2,818.400000000002
"3922",2,818.400000000002
"3923",2,818.400000000002
"3924",2,818.400000000002
"3925",2,818.400000000002
"3926",2,818.400000000002
"3927",2,818.400000000002
"3928",2,818.400000000002
"3929",2,818.400000000002
"3930",2,818.400000000002
"3931",2,818.400000000002
"3932",2,818.400000000002
"3933",2,818.400000000002
"3934",2,818.400000000002
"3935",2,818.400000000002
"3936",2,818.400000000002
"3937",2,818.400000000002
"3938",2,818.400000000002
"3939",2,818.400000000002
"3940",2,818.400000000002
"3941",2,1137.12
"3942",2,1137.12
"3943",2,1137.12
"3944",2,1137.12
"3945",2,1137.12
"3946",2,1137.12
"3947",2,1137.12
"3948",2,1137.12
"3949",2,1137.12
"3950",2,1137.12
"3951",2,1137.12
"3952",2,1137.12
"3953",2,1137.12
"3954",2,1137.12
"3955",2,1137.12
"3956",2,1137.12
"3957",2,1137.12
"3958",2,1137.12
"3959",2,1137.12
"3960",2,1137.12
"3961",2,948.63
"3962",2,948.63
"3963",2,948.63
"3964",2,948.63
"3965",2,948.63
"3966",2,948.63
"3967",2,948.63
"3968",2,948.63
"3969",2,948.63
"3970",2,948.63
"3971",2,948.63
"3972",2,948.63
"3973",2,948.63
"3974",2,948.63
"3975",2,948.63
"3976",2,948.63
"3977",2,948.63
"3978",2,948.63
"3979",2,948.63
"3980",2,948.63
"3981",2,899.509999999998
"3982",2,899.509999999998
"3983",2,899.509999999998
"3984",2,899.509999999998
"3985",2,899.509999999998
"3986",2,899.509999999998
"3987",2,899.509999999998
"3988",2,899.509999999998
"3989",2,899.509999999998
"3990",2,899.509999999998
"3991",2,899.509999999998
"3992",2,899.509999999998
"3993",2,899.509999999998
"3994",2,899.509999999998
"3995",2,899.509999999998
"3996",2,899.509999999998
"3997",2,899.509999999998
"3998",2,899.509999999998
"3999",2,899.509999999998
"4000",2,899.509999999998
