"RasterName","RasterRes","xres","yres","Size_Category","DEM","TRI","PercentDifference"
"N34W089",900,30,30,"5km",131.284652911425,2.29910258709153,0.695992244099385
"N34W089",900,30,30,"5km",81.4263902016569,2.11716480310451,0.565458886865869
"N34W089",900,30,30,"5km",120.716784427605,2.64971376991324,0.903441526877613
"N34W089",900,30,30,"5km",133.23149718504,2.00999838451168,0.506470202094075
"N34W089",900,30,30,"5km",133.19754670493,2.44564541367133,0.784140289005246
"N34W089",900,30,30,"10km",88.1722816259154,1.7873732917796,0.504448539766422
"N34W089",900,30,30,"10km",135.229565960167,2.39896829839263,0.747460277170959
"N34W089",900,30,30,"10km",203.899863667054,2.96738902008419,1.10798916102265
"N34W089",900,30,30,"10km",92.9314291941539,1.97122740555417,0.502068666821245
"N34W089",900,30,30,"10km",136.479991312196,3.17923745009742,1.31498495206275
"N34W089",900,30,30,"100km",63.7661190698309,1.83063390440208,0.515125055973099
"N34W089",900,30,30,"100km",183.118938180606,3.48978572609399,1.58088714261949
"N34W089",900,30,30,"100km",145.306667600345,2.43888430329767,0.793281200360585
"N34W089",900,30,30,"100km",103.401706581927,2.00314202060487,0.554474480770766
"N34W089",900,30,30,"100km",181.68316807671,3.41955405003323,1.5262104901132
"N34W089",900,30,30,"250km",125.322406199054,2.40048083042441,0.760754203352594
"N34W089",900,30,30,"250km",109.484822299778,2.03694451044701,0.550889033369704
"N34W089",900,30,30,"250km",146.538629190382,2.71640871633782,0.940432134618726
"N34W089",900,30,30,"250km",75.0666496772525,2.20531190727963,0.687108339455349
"N34W089",900,30,30,"250km",142.5731486148,2.49764338194676,0.857053992859832
"N72E091",900,30,30,"5km",9.03561870723333,1.22402093999822,0.589628698078935
"N72E091",900,30,30,"5km",24.348281944429,2.44760341577127,0.798367991375595
"N72E091",900,30,30,"5km",48.3805060216003,3.55732063655789,1.78313523643751
"N72E091",900,30,30,"5km",38.0399531938467,5.20722025110633,4.45486685443033
"N72E091",900,30,30,"5km",77.75578330879,4.70169539345246,3.28343754761348
"N72E091",900,30,30,"10km",58.2885503677971,3.35423922135587,1.57644395002407
"N72E091",900,30,30,"10km",48.4214085055622,4.13491659467592,2.40895253514259
"N72E091",900,30,30,"10km",58.7118618495003,3.69924059977112,1.85009221670537
"N72E091",900,30,30,"10km",14.1621564839262,1.37115277550035,0.261164647301918
"N72E091",900,30,30,"10km",18.588849560649,2.4478232703666,0.946312742070755
"N72E091",900,30,30,"100km",38.3539853973738,2.95390362311204,1.22542237571064
"N72E091",900,30,30,"100km",16.8348303316426,2.43489045596319,0.824026614734438
"N72E091",900,30,30,"100km",20.4075451128192,2.11395913679285,0.638115062037601
"N72E091",900,30,30,"100km",30.2388890722647,3.02192186454826,1.25678243552516
"N72E091",900,30,30,"100km",15.7088635269396,2.12802333338804,0.649333384046373
"N72E091",900,30,30,"250km",17.4512426886932,2.60742414678059,0.939612702741105
"N72E091",900,30,30,"250km",15.0493483415385,2.18101408023336,0.718752998469779
"N72E091",900,30,30,"250km",63.8092983944027,3.1153855346484,1.36518111693455
"N72E091",900,30,30,"250km",15.7670483320718,1.96556237497367,0.53200764434573
"N72E091",900,30,30,"250km",27.8158412159889,2.46812367729284,0.871081505597683
"N79W048",900,30,30,"5km",2000.92062574471,27.7897432899223,66.6755567570541
"N79W048",900,30,30,"5km",2286.17140552353,20.5489687920977,50.1699324482752
"N79W048",900,30,30,"5km",1691.79622944281,13.4104741075646,17.1914451838569
"N79W048",900,30,30,"5km",1988.81549638068,1.62728205394901,0.407275051849339
"N79W048",900,30,30,"5km",2032.20871392302,14.2651348235797,22.5395677077142
"N79W048",900,30,30,"10km",2149.4716875331,24.0178776865896,55.0515908509088
"N79W048",900,30,30,"10km",2196.17736599488,25.636941852202,60.9535364729219
"N79W048",900,30,30,"10km",2037.3766096791,25.339279807895,54.7631624784388
"N79W048",900,30,30,"10km",1189.67332247211,28.5290026568277,63.61179457865
"N79W048",900,30,30,"10km",2257.62243951063,23.9951579711264,50.7744984660309
"N79W048",900,30,30,"100km",2051.48147364841,27.7032587737748,62.4957927769439
"N79W048",900,30,30,"100km",2188.5521338788,20.8983335479323,42.7371796506411
"N79W048",900,30,30,"100km",2051.04325175514,7.75584644815338,10.5983356137313
"N79W048",900,30,30,"100km",2043.69424106663,6.09789135913412,7.00535810003815
"N79W048",900,30,30,"100km",2087.90576143873,16.0683004950884,28.5633653751415
"N79W048",900,30,30,"250km",2309.59283249843,21.5660497564116,45.2389244161336
"N79W048",900,30,30,"250km",2465.03294158566,18.3857269515667,38.4206025702773
"N79W048",900,30,30,"250km",2470.97939044404,22.1517543611012,47.0943018885701
"N79W048",900,30,30,"250km",2182.89985419522,23.9507861849041,53.3465626116468
"N79W048",900,30,30,"250km",2446.06039270358,24.9931355375652,56.7695194240376
"N61E114",900,30,30,"5km",360.07522130452,5.84752217738609,4.64918234641439
"N61E114",900,30,30,"5km",360.740980731106,5.50337658146972,3.99498993423899
"N61E114",900,30,30,"5km",383.367664169192,4.17859106508923,2.18621571927722
"N61E114",900,30,30,"5km",347.722154966791,2.73502723390448,0.949685142734608
"N61E114",900,30,30,"5km",378.543401638572,3.07119029737299,1.23711651094237
"N61E114",900,30,30,"10km",359.815465625686,2.74695266356544,0.967780605307041
"N61E114",900,30,30,"10km",317.803764186722,3.0025462726346,1.19486102040797
"N61E114",900,30,30,"10km",402.223617145033,3.23704489030051,1.41989095576003
"N61E114",900,30,30,"10km",338.781214004522,5.66183226545714,4.15854647401966
"N61E114",900,30,30,"10km",352.620131946607,6.41929322336298,5.42441546386096
"N61E114",900,30,30,"100km",346.590484343297,3.08305711562431,1.29937842898062
"N61E114",900,30,30,"100km",322.931234751541,3.2982537883149,1.45405589543273
"N61E114",900,30,30,"100km",338.645242222981,2.72728076440586,0.949153370404549
"N61E114",900,30,30,"100km",339.270148430283,1.79169381755385,0.423219414978496
"N61E114",900,30,30,"100km",348.583248690063,2.6457519745033,0.906428977753304
"N61E114",900,30,30,"250km",319.236518000576,3.40664580523193,1.52268210838566
"N61E114",900,30,30,"250km",313.677701532114,3.3629264224841,1.4813163634105
"N61E114",900,30,30,"250km",373.067487951353,3.23241893143508,1.37070703284067
"N61E114",900,30,30,"250km",336.756489892733,3.29587938792113,1.460779873164
"N61E114",900,30,30,"250km",370.338938738725,6.06887474562605,4.92262003467194
"N71W179",900,30,30,"5km",0,0,0
"N71W179",900,30,30,"5km",18.1605721331242,1.64845266062924,0.356963637728044
"N71W179",900,30,30,"5km",179.915109452258,6.1034775343069,7.78697157985092
"N71W179",900,30,30,"5km",0,0,0
"N71W179",900,30,30,"5km",0,0,0
"N71W179",900,30,30,"10km",0,0,0
"N71W179",900,30,30,"10km",0,0,0
"N71W179",900,30,30,"10km",8.04961723539468,1.21938498509366,0.211843821460365
"N71W179",900,30,30,"10km",368.879500641427,6.64742617796412,5.30593285840301
"N71W179",900,30,30,"10km",0,0,0
"N71W179",900,30,30,"100km",83.5726404431342,3.23650730826471,2.41630118060043
"N71W179",900,30,30,"100km",561.321685502354,4.79481017684321,2.95471936467264
"N71W179",900,30,30,"100km",0,0,0
"N71W179",900,30,30,"100km",24.6538035820982,2.2962967239809,0.78578891445964
"N71W179",900,30,30,"100km",0,0,0
"N71W179",900,30,30,"250km",121.106045135884,7.67167393222658,11.2133038008547
"N71W179",900,30,30,"250km",143.698907259196,4.21920625855607,2.56904207244268
"N71W179",900,30,30,"250km",0,0,0
"N71W179",900,30,30,"250km",0,0,0
"N71W179",900,30,30,"250km",0,0,0
"S02E106",900,30,30,"5km",0,0,0
"S02E106",900,30,30,"5km",26.8410340036595,2.86023984168388,1.07005675587283
"S02E106",900,30,30,"5km",0,0,0
"S02E106",900,30,30,"5km",0,0,0
"S02E106",900,30,30,"5km",0,0,0
"S02E106",900,30,30,"10km",0,0,0
"S02E106",900,30,30,"10km",0,0,0
"S02E106",900,30,30,"10km",0,0,0
"S02E106",900,30,30,"10km",0,0,0
"S02E106",900,30,30,"10km",0,0,0
"S02E106",900,30,30,"100km",0,0,0
"S02E106",900,30,30,"100km",0,0,0
"S02E106",900,30,30,"100km",0,0,0
"S02E106",900,30,30,"100km",0,0,0
"S02E106",900,30,30,"100km",0,0,0
"S02E106",900,30,30,"250km",0,0,0
"S02E106",900,30,30,"250km",0,0,0
"S02E106",900,30,30,"250km",0,0,0
"S02E106",900,30,30,"250km",0,0,0
"S02E106",900,30,30,"250km",0,0,0
"S72E073",900,30,30,"5km",1226.66110839105,7.81159301755105,8.68247619594568
"S72E073",900,30,30,"5km",1362.22845577379,4.82661716502362,4.22189847100062
"S72E073",900,30,30,"5km",1224.39087100689,3.43032342465521,1.6938519980659
"S72E073",900,30,30,"5km",1369.3685326972,0.892028844502517,0.0876882274110149
"S72E073",900,30,30,"5km",1081.17524563823,0.79337262470137,0.0758812499224959
"S72E073",900,30,30,"10km",1184.29659487186,3.97603384831906,3.3881834044064
"S72E073",900,30,30,"10km",1148.12684453625,0.643419140662033,0.0564874243323797
"S72E073",900,30,30,"10km",1190.25972088551,4.83459053190785,3.14566972345036
"S72E073",900,30,30,"10km",1312.34870821842,6.14270566184115,5.97777179945169
"S72E073",900,30,30,"10km",1232.76881561576,0.715402001705686,0.0761467762266331
"S72E073",900,30,30,"100km",1119.49916940424,5.357734414472,4.50860634609093
"S72E073",900,30,30,"100km",981.920144654304,1.89758630393397,0.472861737671133
"S72E073",900,30,30,"100km",1165.73844112404,5.66696713806146,4.77170757575748
"S72E073",900,30,30,"100km",1160.02384640473,2.73539001650067,1.10700930088212
"S72E073",900,30,30,"100km",1250.87068701472,5.93954088477528,6.01765801229612
"S72E073",900,30,30,"250km",1146.81848128251,4.66151850367635,3.17927188887954
"S72E073",900,30,30,"250km",1258.02677088312,5.16163482107765,4.10393868816822
"S72E073",900,30,30,"250km",1147.31649160987,0.900836322239601,0.107371608143373
"S72E073",900,30,30,"250km",1059.68515042206,5.3258165905713,4.46527009969345
"S72E073",900,30,30,"250km",1331.20213296022,2.77541187411596,1.01307141309601
"N56E137",900,30,30,"5km",438.576277047097,10.4446717542899,12.2456747649921
"N56E137",900,30,30,"5km",213.075492107099,4.25429539568337,2.26991473116911
"N56E137",900,30,30,"5km",367.861999484869,8.04082837253597,7.32721243482631
"N56E137",900,30,30,"5km",203.985873734579,6.38929563250714,5.07859051742931
"N56E137",900,30,30,"5km",610.69364729642,7.94967473287609,6.77982292990923
"N56E137",900,30,30,"10km",261.431530458382,9.66011617197514,10.6744865777067
"N56E137",900,30,30,"10km",855.398533674224,7.2797966950041,6.16066091489818
"N56E137",900,30,30,"10km",946.953094260082,7.88589838395068,6.97982852752662
"N56E137",900,30,30,"10km",446.754223604103,10.2506288075778,11.5018443037134
"N56E137",900,30,30,"10km",1004.47947683273,9.42128936100208,10.3885048840396
"N56E137",900,30,30,"100km",355.662116003627,8.61058210673303,8.15578349806687
"N56E137",900,30,30,"100km",244.470418934203,7.87451936690178,7.30451467211247
"N56E137",900,30,30,"100km",710.441619209278,10.6418420001319,11.7072297198979
"N56E137",900,30,30,"100km",149.705640746422,6.40193352737306,5.24126862565576
"N56E137",900,30,30,"100km",152.028601582492,7.75032765665306,7.18965123020679
"N56E137",900,30,30,"250km",418.636248435219,9.28959869016823,9.61909558801342
"N56E137",900,30,30,"250km",995.979261264338,8.34725132178243,7.85023266417789
"N56E137",900,30,30,"250km",1153.79989567474,7.72882679349262,6.76511204408481
"N56E137",900,30,30,"250km",1069.35493828996,11.3160587623461,12.5642795314627
"N56E137",900,30,30,"250km",157.777500617749,4.66662933029172,2.83168978728077
"N64W107",900,30,30,"5km",347.259842224021,2.08202320317387,0.577939961879506
"N64W107",900,30,30,"5km",383.082350872969,2.64010476293003,0.886634596718777
"N64W107",900,30,30,"5km",385.331304873704,1.32482473456989,0.241102796585752
"N64W107",900,30,30,"5km",375.491103717864,1.60887722434502,0.338267962420415
"N64W107",900,30,30,"5km",391.129866636673,1.00879125799413,0.135919268415405
"N64W107",900,30,30,"10km",368.879724589554,1.71313630167446,0.390602816454638
"N64W107",900,30,30,"10km",372.143055381965,1.60126882251251,0.342571735394109
"N64W107",900,30,30,"10km",365.059331206696,2.64132965349254,0.952053151452526
"N64W107",900,30,30,"10km",361.980592096782,2.01053264793178,0.580020044841079
"N64W107",900,30,30,"10km",373.050286714958,1.85320242815457,0.435513839137089
"N64W107",900,30,30,"100km",385.301492223453,1.86848682248417,0.48910715819902
"N64W107",900,30,30,"100km",361.466848746893,3.16204403133314,1.99929382596316
"N64W107",900,30,30,"100km",369.41447635935,2.52391536741851,0.851883880403004
"N64W107",900,30,30,"100km",368.542102041357,2.6480233177971,0.949304251011383
"N64W107",900,30,30,"100km",368.634477338636,1.8434402031939,0.464766332907993
"N64W107",900,30,30,"250km",303.729293980294,1.85283314984793,0.455706858512187
"N64W107",900,30,30,"250km",380.805494904736,1.26911065215196,0.211363103948851
"N64W107",900,30,30,"250km",385.973253523462,2.04997825048099,0.555345130301492
"N64W107",900,30,30,"250km",375.757243869331,1.48197163442666,0.292188468023032
"N64W107",900,30,30,"250km",390.213662409821,2.18294271660175,0.641788159052437
"N65W084",900,30,30,"5km",0,0,0
"N65W084",900,30,30,"5km",317.287894452447,3.00089641256041,1.0577049655552
"N65W084",900,30,30,"5km",329.687966733956,3.92422696978577,1.86601924793014
"N65W084",900,30,30,"5km",392.71900727854,2.94145680698357,1.15221227383135
"N65W084",900,30,30,"5km",494.241455264311,3.29249292988708,1.3935836575962
"N65W084",900,30,30,"10km",0,0,0
"N65W084",900,30,30,"10km",0,0,0
"N65W084",900,30,30,"10km",0,0,0
"N65W084",900,30,30,"10km",8.1147610687107,1.22142168651588,0.271698441833542
"N65W084",900,30,30,"10km",263.886105746184,2.42052385544898,0.760446672793463
"N65W084",900,30,30,"100km",406.175291937969,2.3420827435096,0.703960901395405
"N65W084",900,30,30,"100km",0,0,0
"N65W084",900,30,30,"100km",0,0,0
"N65W084",900,30,30,"100km",0,0,0
"N65W084",900,30,30,"100km",0,0,0
"N65W084",900,30,30,"250km",0,0,0
"N65W084",900,30,30,"250km",0,0,0
"N65W084",900,30,30,"250km",36.8069113859535,1.99528114353926,0.519815963263546
"N65W084",900,30,30,"250km",123.985048428535,2.35709662678551,0.722654652051994
"N65W084",900,30,30,"250km",0,0,0
"N12E109",900,30,30,"5km",0,0,0
"N12E109",900,30,30,"5km",0,0,0
"N12E109",900,30,30,"5km",0,0,0
"N12E109",900,30,30,"5km",0,0,0
"N12E109",900,30,30,"5km",561.725156173531,10.3633140060436,10.7986864110154
"N12E109",900,30,30,"10km",0,0,0
"N12E109",900,30,30,"10km",0,0,0
"N12E109",900,30,30,"10km",921.814182819082,7.07859213040439,5.79008654923485
"N12E109",900,30,30,"10km",0,0,0
"N12E109",900,30,30,"10km",0,0,0
"N12E109",900,30,30,"100km",0,0,0
"N12E109",900,30,30,"100km",7.15257903608409,0.833093754187199,0.28004984934681
"N12E109",900,30,30,"100km",0,0,0
"N12E109",900,30,30,"100km",720.481392777261,9.95341690644209,10.5785452225174
"N12E109",900,30,30,"100km",0,0,0
"N12E109",900,30,30,"250km",0,0,0
"N12E109",900,30,30,"250km",0,0,0
"N12E109",900,30,30,"250km",352.869133916288,7.78415617611883,6.60051140790257
"N12E109",900,30,30,"250km",0,0,0
"N12E109",900,30,30,"250km",0,0,0
"S78E139",900,30,30,"5km",2268.25579647487,0.822113345618816,0.0807637708869642
"S78E139",900,30,30,"5km",2835.11791289927,16.9840752404221,28.7184590504092
"S78E139",900,30,30,"5km",2663.85005228323,13.9526387961448,20.5008101427883
"S78E139",900,30,30,"5km",2373.13965156056,1.08069581697073,0.124468380694195
"S78E139",900,30,30,"5km",3101.27491336195,21.9943342612378,43.0619122957888
"S78E139",900,30,30,"10km",2667.78283443667,7.81550052842481,7.95099179012497
"S78E139",900,30,30,"10km",2782.39312495967,16.1458813663289,27.3545268098513
"S78E139",900,30,30,"10km",3388.98433922672,28.8191405963451,67.4836338671835
"S78E139",900,30,30,"10km",2636.64929624334,6.51003345149596,6.34404135788568
"S78E139",900,30,30,"10km",4772.54664565241,20.2301944273707,39.3351593650219
"S78E139",900,30,30,"100km",2570.91945744263,0.874008137848358,0.131192355780466
"S78E139",900,30,30,"100km",2624.31459821812,3.96475680620482,3.16581617551676
"S78E139",900,30,30,"100km",3578.88100992109,19.5880220404431,37.508613683976
"S78E139",900,30,30,"100km",2533.94568774728,0.842902546220126,0.126252761140046
"S78E139",900,30,30,"100km",3606.07311480096,15.3135903698284,23.8681881615568
"S78E139",900,30,30,"250km",3201.36963676288,19.0179848011706,33.4681476573988
"S78E139",900,30,30,"250km",2674.7574124778,13.1684076594973,19.7237542517381
"S78E139",900,30,30,"250km",3292.7133310285,27.5869683964548,63.6179187159264
"S78E139",900,30,30,"250km",2580.66363036944,10.4956799217634,12.7975839562259
"S78E139",900,30,30,"250km",2638.80172268608,0.373094379893238,0.0255283085000495
"S80W128",900,30,30,"5km",11057.1988141574,29.9515496845568,66.7482080991516
"S80W128",900,30,30,"5km",1442.2325797858,9.44085860993788,12.2010390868017
"S80W128",900,30,30,"5km",2719.27350383093,20.2598851195565,37.0948254294999
"S80W128",900,30,30,"5km",11232.7018941256,2.21897419864449,0.517734162623886
"S80W128",900,30,30,"5km",11273.0330266769,3.50939134609523,2.42541469603277
"S80W128",900,30,30,"10km",11098.9558159089,34.0270782703617,88.9880904225955
"S80W128",900,30,30,"10km",11372.6678057107,2.59580076451378,1.52821862773808
"S80W128",900,30,30,"10km",2881.69481912514,252.401835895397,1012.45591249491
"S80W128",900,30,30,"10km",2219.23453564104,20.1980046949715,39.2381680098198
"S80W128",900,30,30,"10km",11147.9688121735,26.7208711974532,82.9375653292597
"S80W128",900,30,30,"100km",1791.34076706996,40.2997716015306,113.480297057443
"S80W128",900,30,30,"100km",11336.5858680022,3.13115663532839,1.50724088391154
"S80W128",900,30,30,"100km",1624.9459298607,14.3167025464876,23.4876992523292
"S80W128",900,30,30,"100km",1459.43766245681,3.02412635707685,1.50432911813815
"S80W128",900,30,30,"100km",11288.8616015077,1.15067519947291,0.167023100875155
"S80W128",900,30,30,"250km",1617.05198267416,3.97495336275924,2.23494030339445
"S80W128",900,30,30,"250km",7392.43775847895,32.9453227732109,76.8643387722611
"S80W128",900,30,30,"250km",9975.30380829797,34.9620673892202,83.3291208075774
"S80W128",900,30,30,"250km",3565.4967164999,28.4370212217295,60.7862095992625
"S80W128",900,30,30,"250km",11467.3802006655,6.18505006979436,5.08821895622014
"S78W096",900,30,30,"5km",1585.54026590191,18.254979144707,35.0330820827083
"S78W096",900,30,30,"5km",2026.10725859346,24.779950807029,53.2913645005977
"S78W096",900,30,30,"5km",1637.63697522986,17.4486990847385,31.6350433153565
"S78W096",900,30,30,"5km",1350.0904881283,17.5441499976565,31.5311766797338
"S78W096",900,30,30,"5km",1806.72451214477,12.4599558701253,17.9465133943387
"S78W096",900,30,30,"10km",1391.14472218587,37.8995564934335,108.407676802421
"S78W096",900,30,30,"10km",1336.38866018239,24.0031726156026,49.7903958648829
"S78W096",900,30,30,"10km",1100.90577331156,20.5901446928671,42.7759757771855
"S78W096",900,30,30,"10km",1590.0330166739,19.1346029782805,35.6626982289561
"S78W096",900,30,30,"10km",1790.84458051445,23.450657452554,51.1899743344509
"S78W096",900,30,30,"100km",1685.73762081898,20.1535654762582,49.4039377794583
"S78W096",900,30,30,"100km",1896.51100587502,36.8856262006008,112.358131227571
"S78W096",900,30,30,"100km",1855.42661614804,17.6407921177093,32.3172707318394
"S78W096",900,30,30,"100km",1569.64755226869,22.7821856784169,47.6446583169393
"S78W096",900,30,30,"100km",1591.91405085527,25.6987719981576,58.328369481702
"S78W096",900,30,30,"250km",1805.98470699958,22.5480698310523,47.2160986339655
"S78W096",900,30,30,"250km",1611.42423985951,13.1022763774396,25.6304632805283
"S78W096",900,30,30,"250km",1901.83060949081,34.0578955528668,107.50906627746
"S78W096",900,30,30,"250km",1229.57072030561,19.1852608037472,39.5274653289386
"S78W096",900,30,30,"250km",4255.87540214779,188.253095949939,745.230418605288
"N53E105",900,30,30,"5km",805.546401837615,3.65185562609453,1.57612199849389
"N53E105",900,30,30,"5km",833.898835476793,3.36916503109444,1.38365365093175
"N53E105",900,30,30,"5km",952.522741030055,1.97132170408125,0.514759414646611
"N53E105",900,30,30,"5km",850.736761635141,2.71717726295319,0.920422381595123
"N53E105",900,30,30,"5km",860.378875627354,2.57787466410844,0.827174647560257
"N53E105",900,30,30,"10km",805.188212691096,4.32096531594624,2.14706658664487
"N53E105",900,30,30,"10km",912.318508823018,3.03056291394344,1.206708080512
"N53E105",900,30,30,"10km",953.765234792484,2.5898327249185,0.816494625751479
"N53E105",900,30,30,"10km",807.756608967583,2.20778145227147,0.633686284820511
"N53E105",900,30,30,"10km",893.137566628086,3.84666451357829,1.91565593115027
"N53E105",900,30,30,"100km",910.307233190979,2.19419906927542,0.631760034582461
"N53E105",900,30,30,"100km",831.447470086539,2.35212332767631,0.721452048214941
"N53E105",900,30,30,"100km",652.539903691363,2.12745046103967,0.605040939702653
"N53E105",900,30,30,"100km",712.944504679224,2.74700808336895,0.96624779760287
"N53E105",900,30,30,"100km",969.346110686589,3.1761623973938,1.23955302842852
"N53E105",900,30,30,"250km",568.88696839841,2.1618865982594,0.88415819560185
"N53E105",900,30,30,"250km",962.235201140994,2.9141752521023,1.04351962137246
"N53E105",900,30,30,"250km",613.154548769669,2.50567747356662,0.834282418632856
"N53E105",900,30,30,"250km",677.949593271269,2.40047200328707,0.733215661675564
"N53E105",900,30,30,"250km",725.556732949211,2.83236190914817,1.07684731301718
"N57W113",900,30,30,"5km",747.832457412592,3.92404224770265,2.40074731265627
"N57W113",900,30,30,"5km",748.40994906571,2.64687074845391,0.884327413256357
"N57W113",900,30,30,"5km",553.58207852931,2.02124988169816,0.54989794491224
"N57W113",900,30,30,"5km",566.427842681782,3.25977989557731,1.28069701115198
"N57W113",900,30,30,"5km",676.529673625897,1.97268814286341,0.503018214409683
"N57W113",900,30,30,"10km",646.845393901017,1.89032818507036,0.480079187911937
"N57W113",900,30,30,"10km",790.551049977158,0.205362770686624,0.0297261646943957
"N57W113",900,30,30,"10km",726.939921372037,2.23742903169723,0.705926715342944
"N57W113",900,30,30,"10km",688.726009447203,2.70680362955253,0.965023647687985
"N57W113",900,30,30,"10km",529.048004252446,2.03057506476316,0.630001512266227
"N57W113",900,30,30,"100km",693.532318744508,2.20423264024637,0.830775763076399
"N57W113",900,30,30,"100km",713.396372075531,3.04528599094375,1.21177211170161
"N57W113",900,30,30,"100km",762.882369873313,1.56885842978287,0.319996926044635
"N57W113",900,30,30,"100km",657.0995560653,2.03078351924556,0.544303476938513
"N57W113",900,30,30,"100km",797.742540778645,2.22145297180329,0.614962411868523
"N57W113",900,30,30,"250km",643.571650185469,1.6832235498887,0.378958986598939
"N57W113",900,30,30,"250km",512.162148911019,1.73116990876216,0.408749317813446
"N57W113",900,30,30,"250km",751.69095704788,2.59930470683558,0.918827660655042
"N57W113",900,30,30,"250km",797.4987034831,2.01196653692694,0.524973639791311
"N57W113",900,30,30,"250km",494.586093544671,2.11441791485621,0.722500264815547
"N64E078",900,30,30,"5km",46.2455059287874,1.97438416446575,0.550642392824387
"N64E078",900,30,30,"5km",43.6652872819594,2.13862670115805,0.602435057648237
"N64E078",900,30,30,"5km",27.2635398058759,1.6789707676735,0.379507549284309
"N64E078",900,30,30,"5km",47.0812206680851,1.8682459074725,0.467824369949297
"N64E078",900,30,30,"5km",40.2619860884202,2.48393818266595,0.82880941969093
"N64E078",900,30,30,"10km",42.8398679362625,1.55655827152151,0.327518616586808
"N64E078",900,30,30,"10km",45.4398814614217,2.66840893635966,0.969452765597587
"N64E078",900,30,30,"10km",42.3893590159284,1.75648052041567,0.572810058104871
"N64E078",900,30,30,"10km",17.6840995386948,1.42719561860108,0.276808529136438
"N64E078",900,30,30,"10km",42.7121056848835,2.22547888195056,0.652270888820109
"N64E078",900,30,30,"100km",48.528911161264,2.47721830308266,0.802033841909009
"N64E078",900,30,30,"100km",42.8419022522699,2.10099199867766,0.592667935602009
"N64E078",900,30,30,"100km",37.1078480435085,2.42312940371192,0.769252747931027
"N64E078",900,30,30,"100km",51.5211714793482,1.84361228371371,0.448642853797947
"N64E078",900,30,30,"100km",45.7401286517681,2.20776237613823,0.645198798651355
"N64E078",900,30,30,"250km",33.4006456176718,1.93124204793939,0.481630374389626
"N64E078",900,30,30,"250km",26.8469206117652,1.88849438974411,0.474515829573536
"N64E078",900,30,30,"250km",43.4113884868055,1.86136720708256,0.477375591940424
"N64E078",900,30,30,"250km",37.5989295472067,2.0194112469259,0.539740083965991
"N64E078",900,30,30,"250km",44.7122993621789,1.88877139106015,0.491543640276639
"N63E149",900,30,30,"5km",911.120776493474,3.65825782656226,1.66047619127907
"N63E149",900,30,30,"5km",1223.33667930326,12.3494231109364,15.4862953386392
"N63E149",900,30,30,"5km",787.127002596498,6.99556776864511,5.58921347840697
"N63E149",900,30,30,"5km",1155.22929867033,8.36428922818295,7.45174887307877
"N63E149",900,30,30,"5km",719.791331154048,7.55929633137554,6.97556739962599
"N63E149",900,30,30,"10km",813.86741384121,3.1992770238532,1.27656894284939
"N63E149",900,30,30,"10km",748.532493893173,6.575457023297,5.3512800618353
"N63E149",900,30,30,"10km",963.700896278707,7.54607207924548,6.6498533274909
"N63E149",900,30,30,"10km",771.201233734097,3.90401299353898,2.13472230374105
"N63E149",900,30,30,"10km",724.174805084585,6.74514708121858,5.32911412643338
"N63E149",900,30,30,"100km",607.897179477495,6.95034320577782,5.54766592516898
"N63E149",900,30,30,"100km",964.764642096148,5.91348868144212,4.559668093494
"N63E149",900,30,30,"100km",565.34975578055,2.18117807201359,0.608093582775549
"N63E149",900,30,30,"100km",456.091269762968,3.61595439868431,1.84112432857594
"N63E149",900,30,30,"100km",878.035831778856,7.63763076652988,6.96638535161138
"N63E149",900,30,30,"250km",419.864908186275,2.75814065955804,1.01586911783851
"N63E149",900,30,30,"250km",897.193030637221,12.3990363331196,16.0987391156262
"N63E149",900,30,30,"250km",679.829363043476,6.36365487277433,5.00644670595089
"N63E149",900,30,30,"250km",900.03965601708,9.69486430304321,10.5182472388623
"N63E149",900,30,30,"250km",746.393982126176,4.21217531519705,2.46073107555139
"N61W150",900,30,30,"5km",1009.75988916598,10.3141706098456,11.9962579263481
"N61W150",900,30,30,"5km",1159.09136932086,14.1455804701573,19.3977244089445
"N61W150",900,30,30,"5km",704.770562862898,4.50102161584164,2.20806123337023
"N61W150",900,30,30,"5km",179.9136049746,3.72772235497933,1.76902546021042
"N61W150",900,30,30,"5km",726.026622363802,11.1717558266082,12.8059699649164
"N61W150",900,30,30,"10km",173.072911290113,2.60814265888111,0.857146996877969
"N61W150",900,30,30,"10km",48.8233013555882,3.00150551396641,1.18980871088
"N61W150",900,30,30,"10km",88.3060326886797,2.63459412387658,0.903193023923025
"N61W150",900,30,30,"10km",1696.09295460593,17.326520016204,29.0017915540896
"N61W150",900,30,30,"10km",67.1573071181654,2.3989924247908,0.762581580374384
"N61W150",900,30,30,"100km",32.6688031508581,2.7941059666694,1.04315377195593
"N61W150",900,30,30,"100km",867.837395757451,15.780130590864,23.2141340920687
"N61W150",900,30,30,"100km",32.841477107948,2.99915774900142,1.2365568408236
"N61W150",900,30,30,"100km",551.229331794317,9.92423938925375,10.4587618397791
"N61W150",900,30,30,"100km",1194.88670431949,11.4707123337145,14.623184839025
"N61W150",900,30,30,"250km",98.3264478527929,2.70784207302014,0.979213129227646
"N61W150",900,30,30,"250km",1295.969533279,13.0417020286944,17.0405350109808
"N61W150",900,30,30,"250km",238.809711875616,3.31361776106014,1.52403660146415
"N61W150",900,30,30,"250km",146.262554127408,2.26914695256094,0.654413371958002
"N61W150",900,30,30,"250km",731.013866839946,11.2825968434839,14.152169910575
"N55W110",900,30,30,"5km",662.151626790547,2.58697844665324,0.900088949170842
"N55W110",900,30,30,"5km",552.261576295698,2.04558633461251,0.531137105705891
"N55W110",900,30,30,"5km",498.792134712013,3.03431493502196,1.17216880873987
"N55W110",900,30,30,"5km",641.790535522579,2.36231687216891,0.709877294853969
"N55W110",900,30,30,"5km",637.529317198693,2.05919974644089,0.537843171082225
"N55W110",900,30,30,"10km",593.299807686467,2.2224854562603,0.631818438017947
"N55W110",900,30,30,"10km",523.799079156627,1.72809095787045,0.384707824475249
"N55W110",900,30,30,"10km",571.199751639129,3.31724469511395,1.32446242412716
"N55W110",900,30,30,"10km",491.339346381187,2.44155468281171,0.79653675893678
"N55W110",900,30,30,"10km",596.414438667668,2.13974698766772,0.581914202356859
"N55W110",900,30,30,"100km",561.334200677479,2.04845087251596,0.532849224926343
"N55W110",900,30,30,"100km",604.774844125995,1.80542848830751,0.419020584704909
"N55W110",900,30,30,"100km",553.875244860397,2.23425645087188,0.736424977367692
"N55W110",900,30,30,"100km",625.80948123501,2.01172068213503,0.537967737726702
"N55W110",900,30,30,"100km",596.606875909709,2.00901256659002,0.514617448198768
"N55W110",900,30,30,"250km",620.183599689059,2.27916479583625,0.661552862234875
"N55W110",900,30,30,"250km",647.992946021256,1.88514043808955,0.470552170172804
"N55W110",900,30,30,"250km",497.294938475035,2.49348585334246,0.835077516549699
"N55W110",900,30,30,"250km",518.440723869311,1.67588130608918,0.366850652388821
"N55W110",900,30,30,"250km",610.271196893894,2.13217189752619,0.588124671944664
"S79W014",900,30,30,"5km",1860.81061829971,0.939971084413273,0.116009870171447
"S79W014",900,30,30,"5km",1713.80674152831,2.56341229730439,1.3317545994589
"S79W014",900,30,30,"5km",1035.58685045575,10.5419626662536,13.2683791688139
"S79W014",900,30,30,"5km",1734.19518939698,0.748370338801177,0.0778405217252
"S79W014",900,30,30,"5km",1801.24835885683,1.03818695247578,0.141092081772247
"S79W014",900,30,30,"10km",1794.86215527113,0.736344142350601,0.0826948181433182
"S79W014",900,30,30,"10km",1838.03199059219,2.6001945660982,1.58125292249684
"S79W014",900,30,30,"10km",1797.2276120144,0.73426018738824,0.0803237482351724
"S79W014",900,30,30,"10km",1686.07930147939,5.48554484141223,4.45138973656568
"S79W014",900,30,30,"10km",1857.84747972927,0.983362772396195,0.148163194146574
"S79W014",900,30,30,"100km",1738.05463853562,1.13897727981432,0.180068010732542
"S79W014",900,30,30,"100km",1740.75538864124,4.36125644735991,3.30011046967818
"S79W014",900,30,30,"100km",1825.96893874553,0.892975526522708,0.118594992297028
"S79W014",900,30,30,"100km",1839.61366154588,0.985148748339936,0.13324520502242
"S79W014",900,30,30,"100km",4662.24711750845,97.4168431878509,343.707692156269
"S79W014",900,30,30,"250km",1790.53975708333,0.742495097267058,0.0760527128897568
"S79W014",900,30,30,"250km",1741.96689729665,2.04644903158772,1.19731514596102
"S79W014",900,30,30,"250km",1710.75293369197,4.06462955078542,2.34617842101667
"S79W014",900,30,30,"250km",1700.63703830697,5.2322567804367,4.27821051381443
"S79W014",900,30,30,"250km",1660.54917495519,4.44316449053664,3.05976965716618
"N05E162",900,30,30,"5km",0,0,0
"N05E162",900,30,30,"5km",0,0,0
"N05E162",900,30,30,"5km",0,0,0
"N05E162",900,30,30,"5km",0,0,0
"N05E162",900,30,30,"5km",0,0,0
"N05E162",900,30,30,"10km",0,0,0
"N05E162",900,30,30,"10km",0,0,0
"N05E162",900,30,30,"10km",0,0,0
"N05E162",900,30,30,"10km",0,0,0
"N05E162",900,30,30,"10km",0,0,0
"N05E162",900,30,30,"100km",0,0,0
"N05E162",900,30,30,"100km",0,0,0
"N05E162",900,30,30,"100km",0,0,0
"N05E162",900,30,30,"100km",0,0,0
"N05E162",900,30,30,"100km",0,0,0
"N05E162",900,30,30,"250km",0,0,0
"N05E162",900,30,30,"250km",0,0,0
"N05E162",900,30,30,"250km",0,0,0
"N05E162",900,30,30,"250km",0,0,0
"N05E162",900,30,30,"250km",0,0,0
"N67E064",900,30,30,"5km",174.753991024803,2.40503816652195,0.724198646282187
"N67E064",900,30,30,"5km",90.5006552522322,3.8675342773464,1.96286332887896
"N67E064",900,30,30,"5km",255.956189355967,3.89497406850748,2.00516423173277
"N67E064",900,30,30,"5km",202.47636193355,2.66324002799342,0.908424004687706
"N67E064",900,30,30,"5km",205.232631827662,2.43758250088126,0.782167676475162
"N67E064",900,30,30,"10km",120.195548085932,3.5619023356169,1.92730578865231
"N67E064",900,30,30,"10km",237.036821740594,2.64855994551552,0.94666011081872
"N67E064",900,30,30,"10km",183.536928483106,2.9104809404813,1.08625818056504
"N67E064",900,30,30,"10km",291.556399433796,3.47681497518843,1.56052951228616
"N67E064",900,30,30,"10km",250.385311959729,2.4557321522963,0.805711737132123
"N67E064",900,30,30,"100km",108.495445993393,2.82409297914128,1.041241565351
"N67E064",900,30,30,"100km",153.018231034464,2.83609348698694,1.05299151023141
"N67E064",900,30,30,"100km",169.936902376271,3.0780936072311,1.27263964276562
"N67E064",900,30,30,"100km",290.875352422484,3.88440807730327,1.91687614553955
"N67E064",900,30,30,"100km",249.746724558392,2.1422323608018,0.617918374910036
"N67E064",900,30,30,"250km",147.881438564136,3.89923509631099,2.11763093146417
"N67E064",900,30,30,"250km",360.056890564649,4.21770226007922,2.3058637280171
"N67E064",900,30,30,"250km",213.075132827483,2.56329256074767,0.84001778188381
"N67E064",900,30,30,"250km",153.916784891114,3.66844441313699,1.86971295817705
"N67E064",900,30,30,"250km",210.437828959401,2.9960446096309,1.26526711040232
"S74E123",900.000000000002,30.0000000000001,30,"5km",2080.56600403334,17.0523300116201,27.5883638423831
"S74E123",900.000000000002,30.0000000000001,30,"5km",3868.33411074909,8.14117372740304,7.19742653603749
"S74E123",900.000000000002,30.0000000000001,30,"5km",1861.7092332137,13.2824018053284,18.9439837137323
"S74E123",900.000000000002,30.0000000000001,30,"5km",1493.46216469587,13.9157985937382,20.1899511683069
"S74E123",900.000000000002,30.0000000000001,30,"5km",2978.11219034564,13.8636071317567,20.4051283224978
"S74E123",900.000000000002,30.0000000000001,30,"10km",2900.94014390955,18.3050677904706,33.4550490315838
"S74E123",900.000000000002,30.0000000000001,30,"10km",2507.61971935792,21.3510454225554,42.1197866462598
"S74E123",900.000000000002,30.0000000000001,30,"10km",3107.44800905941,10.0515330569854,10.5343662485932
"S74E123",900.000000000002,30.0000000000001,30,"10km",1485.29010706955,14.860861914001,24.0717124994764
"S74E123",900.000000000002,30.0000000000001,30,"10km",5399.49867674001,8.94827805766717,9.96559091099753
"S74E123",900.000000000002,30.0000000000001,30,"100km",3049.81210306259,15.9601228229304,26.8493607910875
"S74E123",900.000000000002,30.0000000000001,30,"100km",1986.39654594683,27.0018604469857,63.3254850277455
"S74E123",900.000000000002,30.0000000000001,30,"100km",1842.80526943002,13.5834677664305,20.4900224282531
"S74E123",900.000000000002,30.0000000000001,30,"100km",1801.44202641255,15.1211794514712,23.3421077750704
"S74E123",900.000000000002,30.0000000000001,30,"100km",3566.14899362826,21.2611276665089,40.8067197860853
"S74E123",900.000000000002,30.0000000000001,30,"250km",3360.65246234627,21.1377402876871,40.4325820588605
"S74E123",900.000000000002,30.0000000000001,30,"250km",2098.26691683065,16.9684778458709,30.244866522679
"S74E123",900.000000000002,30.0000000000001,30,"250km",1773.35886942607,21.5787620460708,43.1346468739915
"S74E123",900.000000000002,30.0000000000001,30,"250km",1707.3713126727,16.3202974532037,25.6679253735295
"S74E123",900.000000000002,30.0000000000001,30,"250km",1599.45109589977,16.2680443814116,26.6153538549336
"N33E107",900,30,30,"5km",600.441062359055,10.6518330297638,12.0398720532579
"N33E107",900,30,30,"5km",1091.31033831534,11.3017848974915,12.9131746203616
"N33E107",900,30,30,"5km",2358.95458284809,9.63643635026828,9.7105009573069
"N33E107",900,30,30,"5km",1936.67463965054,14.2830813522885,19.2897759828974
"N33E107",900,30,30,"5km",2015.25442253567,12.9028813601231,16.4905894009828
"N33E107",900,30,30,"10km",2096.10041193401,13.1725022107086,16.8075199074989
"N33E107",900,30,30,"10km",2205.90124690737,18.8914823058442,31.793416575923
"N33E107",900,30,30,"10km",730.635924132027,11.7572644814232,14.8911999604238
"N33E107",900,30,30,"10km",1486.73025408342,13.649678069429,18.0053782027391
"N33E107",900,30,30,"10km",1600.11685384388,13.006765654636,17.0680849524068
"N33E107",900,30,30,"100km",2792.47117549914,8.63726011657349,7.58397598610153
"N33E107",900,30,30,"100km",1412.24721338164,12.9143618767368,16.539520209964
"N33E107",900,30,30,"100km",1527.83866342498,9.9165797963074,10.6615590223157
"N33E107",900,30,30,"100km",523.921689433456,2.89823285448619,1.15686262359849
"N33E107",900,30,30,"100km",521.619354562243,2.25442918615063,0.654794051689098
"N33E107",900,30,30,"250km",2384.42457569683,14.7405039202432,20.506899434782
"N33E107",900,30,30,"250km",1590.60876206821,10.3657315194235,11.4000136713741
"N33E107",900,30,30,"250km",2452.16293558088,17.7704617876834,28.832162630886
"N33E107",900,30,30,"250km",554.544817607894,6.95627423500777,5.76803936185262
"N33E107",900,30,30,"250km",2833.78259112605,15.6131817322569,23.505740041618
"N65E025",900,30,30,"5km",100.593278405721,2.02582779420396,0.588228023369499
"N65E025",900,30,30,"5km",19.3402283039653,2.11696757511384,0.607135428284357
"N65E025",900,30,30,"5km",0,0,0
"N65E025",900,30,30,"5km",27.2817620261051,1.97996083424021,0.503355930254087
"N65E025",900,30,30,"5km",18.936027795356,2.28101190185417,0.765544478641281
"N65E025",900,30,30,"10km",88.6995913665737,3.05005582088781,1.22903848931986
"N65E025",900,30,30,"10km",158.897533644048,3.77083265156304,1.84386383921003
"N65E025",900,30,30,"10km",114.259527957208,3.26341067542061,1.36981450817801
"N65E025",900,30,30,"10km",22.4800122482716,2.42088471495443,0.788120957323376
"N65E025",900,30,30,"10km",34.2316054374713,2.06479183287086,0.673377914850023
"N65E025",900,30,30,"100km",0,0,0
"N65E025",900,30,30,"100km",137.168765768761,3.11509878791007,1.26899583140984
"N65E025",900,30,30,"100km",109.521767053427,2.6696773894539,0.947235241843691
"N65E025",900,30,30,"100km",65.164730580378,2.12480003490443,0.590338650888181
"N65E025",900,30,30,"100km",68.4308567560256,1.96414776427338,0.546762278472042
"N65E025",900,30,30,"250km",87.2088108802615,1.55445028065244,0.326873044405793
"N65E025",900,30,30,"250km",108.425734730779,1.82175614629593,0.442640798000563
"N65E025",900,30,30,"250km",58.1615331747386,2.38840259572664,0.758481007333771
"N65E025",900,30,30,"250km",14.7280657117663,2.17069652620414,0.756861927018823
"N65E025",900,30,30,"250km",0,0,0
"N46W053",900,30,30,"5km",0,0,0
"N46W053",900,30,30,"5km",0,0,0
"N46W053",900,30,30,"5km",0,0,0
"N46W053",900,30,30,"5km",0,0,0
"N46W053",900,30,30,"5km",0,0,0
"N46W053",900,30,30,"10km",0,0,0
"N46W053",900,30,30,"10km",0,0,0
"N46W053",900,30,30,"10km",0,0,0
"N46W053",900,30,30,"10km",0,0,0
"N46W053",900,30,30,"10km",0,0,0
"N46W053",900,30,30,"100km",0,0,0
"N46W053",900,30,30,"100km",0,0,0
"N46W053",900,30,30,"100km",0,0,0
"N46W053",900,30,30,"100km",0,0,0
"N46W053",900,30,30,"100km",0,0,0
"N46W053",900,30,30,"250km",0,0,0
"N46W053",900,30,30,"250km",0,0,0
"N46W053",900,30,30,"250km",0,0,0
"N46W053",900,30,30,"250km",0,0,0
"N46W053",900,30,30,"250km",0,0,0
"S73E163",900,30,30,"5km",1596.8251533926,7.91483679437519,7.5476163378118
"S73E163",900,30,30,"5km",1815.78060049236,0.636169150149103,0.0729992846769969
"S73E163",900,30,30,"5km",1392.41893224991,5.628209159312,4.29996533370362
"S73E163",900,30,30,"5km",1796.50699102023,0.736397962624698,0.0640705510158482
"S73E163",900,30,30,"5km",1760.78777150932,9.77392145691837,11.7059349992378
"S73E163",900,30,30,"10km",1810.16821481033,2.33422399271712,1.37593012425521
"S73E163",900,30,30,"10km",1678.29650168217,0.963212785793255,0.120045155047184
"S73E163",900,30,30,"10km",2075.04958476499,8.64239700665621,9.76922849159472
"S73E163",900,30,30,"10km",1652.42499581159,2.55930860109776,0.873318839450256
"S73E163",900,30,30,"10km",1790.00068633916,0.800753861369355,0.0979538418932384
"S73E163",900,30,30,"100km",1603.51843861566,6.43927277763424,5.70580411378669
"S73E163",900,30,30,"100km",2124.81506727955,0.960192032112409,0.174675504949723
"S73E163",900,30,30,"100km",1818.0900777842,0.808215799568551,0.093043245251709
"S73E163",900,30,30,"100km",1729.02365882187,0.868293200334649,0.129699850138289
"S73E163",900,30,30,"100km",1772.72693509118,4.92117392252361,3.27724129576158
"S73E163",900,30,30,"250km",1125.72488588755,7.99969179489164,8.0616700331087
"S73E163",900,30,30,"250km",1561.31019906635,5.28371440846349,3.82667890923844
"S73E163",900,30,30,"250km",1715.74256320411,7.39273871073166,7.15334699458995
"S73E163",900,30,30,"250km",1413.85631343575,5.26341515494795,3.58533400223989
"S73E163",900,30,30,"250km",1735.77767071474,4.32894479859725,2.87030675204588
"N73W026",900,30,30,"5km",8.81860262019267,1.77788119768257,0.995332376490077
"N73W026",900,30,30,"5km",0,0.00268970823460967,0.000461567914968089
"N73W026",900,30,30,"5km",743.821431873493,11.5405220308545,14.9190800008866
"N73W026",900,30,30,"5km",371.238072876593,13.8590260156965,19.6402952304099
"N73W026",900,30,30,"5km",532.587659268524,15.3072631977701,20.8644946705241
"N73W026",900,30,30,"10km",192.485112626428,5.85837261672073,6.43853923647926
"N73W026",900,30,30,"10km",1762.38657062203,12.3418886123176,15.2457923328532
"N73W026",900,30,30,"10km",259.236438152321,17.3751758856238,30.4477045328524
"N73W026",900,30,30,"10km",1356.12666992219,7.34066876543793,6.15152858330712
"N73W026",900,30,30,"10km",1591.4478155837,15.0556271045287,22.0777699260616
"N73W026",900,30,30,"100km",808.44484667119,4.6185440084528,2.90684345436422
"N73W026",900,30,30,"100km",56.0723530142779,3.74936327106794,3.93057098822891
"N73W026",900,30,30,"100km",635.143441834604,11.5880479642425,15.9244024678263
"N73W026",900,30,30,"100km",1551.96856388598,10.3071311909546,11.8956012755067
"N73W026",900,30,30,"100km",0,0,0
"N73W026",900,30,30,"250km",40.3314117538249,4.29807990459128,11.5731546296969
"N73W026",900,30,30,"250km",1569.90494554124,5.83751263443357,5.33870187620621
"N73W026",900,30,30,"250km",0,0,0
"N73W026",900,30,30,"250km",1698.79300162033,13.1008381541734,16.7114411292527
"N73W026",900,30,30,"250km",1882.25736001792,6.26765051721131,5.23324962860201
"S39E178",900,30,30,"5km",0,0,0
"S39E178",900,30,30,"5km",0,0,0
"S39E178",900,30,30,"5km",357.144588153896,7.66849917657448,6.89567509411288
"S39E178",900,30,30,"5km",0,0,0
"S39E178",900,30,30,"5km",0,0,0
"S39E178",900,30,30,"10km",0,0,0
"S39E178",900,30,30,"10km",0,0,0
"S39E178",900,30,30,"10km",580.687493921308,7.6810539063675,6.55033725454249
"S39E178",900,30,30,"10km",0,0,0
"S39E178",900,30,30,"10km",0,0,0
"S39E178",900,30,30,"100km",0,0,0
"S39E178",900,30,30,"100km",0,0,0
"S39E178",900,30,30,"100km",0,0,0
"S39E178",900,30,30,"100km",0,0,0
"S39E178",900,30,30,"100km",152.123796708907,7.98749244701098,6.88682522384676
"S39E178",900,30,30,"250km",0,0,0
"S39E178",900,30,30,"250km",0,0,0
"S39E178",900,30,30,"250km",0,0,0
"S39E178",900,30,30,"250km",47.6831551830522,4.99821738353456,3.7049436439201
"S39E178",900,30,30,"250km",0,0,0
"N59W080",900,30,30,"5km",0,0,0
"N59W080",900,30,30,"5km",0,0,0
"N59W080",900,30,30,"5km",0,0,0
"N59W080",900,30,30,"5km",0,0,0
"N59W080",900,30,30,"5km",0,0,0
"N59W080",900,30,30,"10km",0,0,0
"N59W080",900,30,30,"10km",0,0,0
"N59W080",900,30,30,"10km",0,0,0
"N59W080",900,30,30,"10km",0,0,0
"N59W080",900,30,30,"10km",0,0,0
"N59W080",900,30,30,"100km",0,0,0
"N59W080",900,30,30,"100km",0,0,0
"N59W080",900,30,30,"100km",0,0,0
"N59W080",900,30,30,"100km",0,0,0
"N59W080",900,30,30,"100km",0,0,0
"N59W080",900,30,30,"250km",0,0,0
"N59W080",900,30,30,"250km",0,0,0
"N59W080",900,30,30,"250km",0,0,0
"N59W080",900,30,30,"250km",0,0,0
"N59W080",900,30,30,"250km",0,0,0
"S73E109",900,30,30,"5km",2882.96574186893,0.419227515588854,0.0233658720770532
"S73E109",900,30,30,"5km",2936.7874071273,0.449230688017174,0.0274883453708571
"S73E109",900,30,30,"5km",2936.52392917223,2.83029740629841,1.43057482382313
"S73E109",900,30,30,"5km",2825.93735139077,4.01213012983833,2.8446670649119
"S73E109",900,30,30,"5km",2940.07888035795,0.547195279873581,0.039427982202122
"S73E109",900,30,30,"10km",2936.7936618734,0.489557707656509,0.0335928800764258
"S73E109",900,30,30,"10km",2881.05529558105,3.78706651010336,2.25115375216767
"S73E109",900,30,30,"10km",2915.48983278974,0.632557111184426,0.0536566619524259
"S73E109",900,30,30,"10km",2931.31919544443,0.498613696784204,0.0354125031158774
"S73E109",900,30,30,"10km",2944.92837001965,0.878915962126441,0.215066417971989
"S73E109",900,30,30,"100km",2812.59726817821,0.819398340285893,0.0949909984351355
"S73E109",900,30,30,"100km",2828.39484371466,2.15802955964157,1.37263649870713
"S73E109",900,30,30,"100km",2772.05627794672,0.316609093345008,0.014858986481275
"S73E109",900,30,30,"100km",2824.28957601733,0.662951813711215,0.058622131024682
"S73E109",900,30,30,"100km",2899.18625855528,0.616215945317893,0.0506803536044827
"S73E109",900,30,30,"250km",2861.53279338157,3.66080150541426,2.03283934027331
"S73E109",900,30,30,"250km",2893.55471505814,2.48232251230284,1.58997158721493
"S73E109",900,30,30,"250km",2831.66052976956,0.617361700114166,0.0514385723899579
"S73E109",900,30,30,"250km",2809.6231132105,0.715604501872273,0.0659902283493189
"S73E109",900,30,30,"250km",2790.99559382596,0.60597347025816,0.0467775750614271
"N82W048",900,30,30,"5km",831.480358018846,7.25220466827322,6.89102921128133
"N82W048",900,30,30,"5km",512.715059838804,17.9674457189308,33.8208309469787
"N82W048",900,30,30,"5km",344.5564031868,3.68427095563196,1.8150198698327
"N82W048",900,30,30,"5km",250.189787330418,2.02552033429617,0.541622187633261
"N82W048",900,30,30,"5km",306.786994760236,2.31199328245661,0.63779314233738
"N82W048",900,30,30,"10km",0,0,0
"N82W048",900,30,30,"10km",0,0,0
"N82W048",900,30,30,"10km",300.80090300786,3.36969588911792,1.44783244147137
"N82W048",900,30,30,"10km",0,0,0
"N82W048",900,30,30,"10km",443.89954274456,15.8698163910054,24.6768166627352
"N82W048",900,30,30,"100km",650.797130521867,6.78498818590391,5.45961223551392
"N82W048",900,30,30,"100km",1.53849092769678,0.218951151261959,0.0622058834649902
"N82W048",900,30,30,"100km",0,0,0
"N82W048",900,30,30,"100km",0,0,0
"N82W048",900,30,30,"100km",0,0,0
"N82W048",900,30,30,"250km",0,0,0
"N82W048",900,30,30,"250km",13.8220720948557,2.12955750237869,2.58711384240341
"N82W048",900,30,30,"250km",712.642603281823,5.54872808813023,3.68637747540394
"N82W048",900,30,30,"250km",21.0073083845885,2.6367242048465,3.45472341667238
"N82W048",900,30,30,"250km",121.2657513872,13.6578942671814,33.8527456344286
"N47E037",900,30,30,"5km",71.0467449671584,2.38353826010144,0.744978179988301
"N47E037",900,30,30,"5km",136.606559940751,2.54793866146069,0.885666128454903
"N47E037",900,30,30,"5km",201.192339579077,3.37128362589059,1.61879457254762
"N47E037",900,30,30,"5km",0,0,0
"N47E037",900,30,30,"5km",201.369563194708,2.11424435064355,0.621776115007466
"N47E037",900,30,30,"10km",0,0,0
"N47E037",900,30,30,"10km",195.892631305378,3.01695376539974,1.26706672032893
"N47E037",900,30,30,"10km",203.23597826425,2.01490530864429,0.559695557361995
"N47E037",900,30,30,"10km",116.946798001482,2.75448922142917,0.98545528379094
"N47E037",900,30,30,"10km",180.2557140418,3.28123891640229,1.40832652541207
"N47E037",900,30,30,"100km",179.707172725791,2.27409546095908,0.700591306908241
"N47E037",900,30,30,"100km",0,0,0
"N47E037",900,30,30,"100km",106.365645625992,2.56982264183588,0.863208844220724
"N47E037",900,30,30,"100km",119.016342135364,1.73041450208407,0.394990517206495
"N47E037",900,30,30,"100km",206.923382495041,1.9895904122031,0.54173329182943
"N47E037",900,30,30,"250km",229.938414895214,2.39202195935752,0.775067482734486
"N47E037",900,30,30,"250km",185.500216005973,1.98210464702166,0.521997955934309
"N47E037",900,30,30,"250km",127.785026356596,2.99998079834776,1.37436374872786
"N47E037",900,30,30,"250km",168.72661474441,2.76721513959415,1.21368366815296
"N47E037",900,30,30,"250km",67.9799553626265,2.65982447545987,0.972483224208905
"N06E169",900,30,30,"5km",0,0,0
"N06E169",900,30,30,"5km",0,0,0
"N06E169",900,30,30,"5km",0,0,0
"N06E169",900,30,30,"5km",0,0,0
"N06E169",900,30,30,"5km",0,0,0
"N06E169",900,30,30,"10km",0,0,0
"N06E169",900,30,30,"10km",0,0,0
"N06E169",900,30,30,"10km",0,0,0
"N06E169",900,30,30,"10km",0,0,0
"N06E169",900,30,30,"10km",0,0,0
"N06E169",900,30,30,"100km",0,0,0
"N06E169",900,30,30,"100km",0,0,0
"N06E169",900,30,30,"100km",0,0,0
"N06E169",900,30,30,"100km",0,0,0
"N06E169",900,30,30,"100km",0,0,0
"N06E169",900,30,30,"250km",0,0,0
"N06E169",900,30,30,"250km",0,0,0
"N06E169",900,30,30,"250km",0,0,0
"N06E169",900,30,30,"250km",0,0,0
"N06E169",900,30,30,"250km",0,0,0
"N48E144",900,30,30,"5km",0,0,0
"N48E144",900,30,30,"5km",0,0,0
"N48E144",900,30,30,"5km",0,0,0
"N48E144",900,30,30,"5km",0,0,0
"N48E144",900,30,30,"5km",0,0,0
"N48E144",900,30,30,"10km",0,0,0
"N48E144",900,30,30,"10km",0,0,0
"N48E144",900,30,30,"10km",0,0,0
"N48E144",900,30,30,"10km",0,0,0
"N48E144",900,30,30,"10km",0,0,0
"N48E144",900,30,30,"100km",0,0,0
"N48E144",900,30,30,"100km",0,0,0
"N48E144",900,30,30,"100km",0,0,0
"N48E144",900,30,30,"100km",0,0,0
"N48E144",900,30,30,"100km",0,0,0
"N48E144",900,30,30,"250km",0,0,0
"N48E144",900,30,30,"250km",0,0,0
"N48E144",900,30,30,"250km",0,0,0
"N48E144",900,30,30,"250km",0,0,0
"N48E144",900,30,30,"250km",0,0,0
"S68E055",900,30,30,"5km",1341.38952347302,0.735686963073883,0.0605817873457049
"S68E055",900,30,30,"5km",1418.83220919048,2.93386433076646,1.54103502465824
"S68E055",900,30,30,"5km",1072.12176353119,4.21524765754173,3.19201846578655
"S68E055",900,30,30,"5km",1968.96295902177,16.1031345874939,25.9071040938096
"S68E055",900,30,30,"5km",328.286938365869,6.10461626528545,4.73469991767648
"S68E055",900,30,30,"10km",492.357964134778,5.56164823359342,4.02278484450606
"S68E055",900,30,30,"10km",815.174478159773,5.79573363199521,6.21143123379448
"S68E055",900,30,30,"10km",1469.33774391315,9.48744519580654,12.0597137481232
"S68E055",900,30,30,"10km",763.340224094776,9.36067411045408,11.321341914063
"S68E055",900,30,30,"10km",1246.74215146808,5.32576196564106,3.03472793437807
"S68E055",900,30,30,"100km",1078.63176926568,4.21559528406676,3.69455077238075
"S68E055",900,30,30,"100km",230.391887999496,14.299347042713,24.1647677415486
"S68E055",900,30,30,"100km",643.098371674379,8.83120557904217,10.4052812610961
"S68E055",900,30,30,"100km",872.705742577913,9.18006895910077,10.5601259050253
"S68E055",900,30,30,"100km",719.272911343185,12.5265365491229,17.5322760844175
"S68E055",900,30,30,"250km",1725.99611275481,3.04420446471059,1.31457943643545
"S68E055",900,30,30,"250km",125.405550853801,10.5929263281454,14.690364325761
"S68E055",900,30,30,"250km",1739.83796751401,28.9845431433715,70.1742126852181
"S68E055",900,30,30,"250km",769.181937914006,2.24557498625762,1.09577853847582
"S68E055",900,30,30,"250km",865.903544460824,4.50720776382715,2.81466055421602
"N67E169",900,30,30,"5km",991.817048913471,11.866359023858,14.9447128364262
"N67E169",900,30,30,"5km",1186.87306233744,6.44731714482869,5.08884848427067
"N67E169",900,30,30,"5km",311.966689022834,2.71529993710989,0.965116580136358
"N67E169",900,30,30,"5km",812.748756580614,7.45523616920949,5.98011187854999
"N67E169",900,30,30,"5km",547.772186033655,3.01226483796308,1.17529286114846
"N67E169",900,30,30,"10km",648.741112106741,3.4772326304774,1.44039901673975
"N67E169",900,30,30,"10km",558.908147804141,5.79076651672898,3.81414946763503
"N67E169",900,30,30,"10km",749.370135216709,7.52027484555365,7.22220313410555
"N67E169",900,30,30,"10km",782.648292646641,9.29415611083702,8.87655278994758
"N67E169",900,30,30,"10km",671.120673844499,3.01039791677413,1.07541066039167
"N67E169",900,30,30,"100km",558.985859400727,3.70469152814212,2.05507416539482
"N67E169",900,30,30,"100km",291.973497073448,3.09175363406936,1.30183087131508
"N67E169",900,30,30,"100km",944.115760763676,8.39287942787744,9.12775221220575
"N67E169",900,30,30,"100km",657.379311816505,3.60441703830043,1.59443281421805
"N67E169",900,30,30,"100km",1015.76794454779,9.72077825901233,10.1038683051555
"N67E169",900,30,30,"250km",712.87450509319,5.13030911939927,3.45220352550982
"N67E169",900,30,30,"250km",510.609851963707,2.61714174535872,0.928549815935658
"N67E169",900,30,30,"250km",1142.14787363159,10.6299731418322,11.4377719837919
"N67E169",900,30,30,"250km",699.104388048661,6.50895067237012,4.68977245385838
"N67E169",900,30,30,"250km",430.456298531037,3.6362062315982,1.76291887742708
"N06W077",900,30,30,"5km",1931.94838428255,4.51744517147706,2.43981097848348
"N06W077",900,30,30,"5km",30.7155181557711,4.18012071620631,2.54591832169649
"N06W077",900,30,30,"5km",1435.07026506975,11.655924884164,13.6146895992813
"N06W077",900,30,30,"5km",609.613407465966,4.37720482521407,2.312387985953
"N06W077",900,30,30,"5km",501.642047286315,4.56411134128615,2.15094790289014
"N06W077",900,30,30,"10km",2935.82512953928,13.005537862624,16.6705735327044
"N06W077",900,30,30,"10km",1676.13999493872,11.2846818207995,13.0700158204304
"N06W077",900,30,30,"10km",1903.80776692297,4.5753647001384,3.27815143450022
"N06W077",900,30,30,"10km",988.489256646248,10.1521082618027,10.7136919790509
"N06W077",900,30,30,"10km",1038.74533503475,10.2751829794774,11.6049654666488
"N06W077",900,30,30,"100km",16.6070153926014,2.22413859399521,0.889532796471799
"N06W077",900,30,30,"100km",204.443215898056,7.84491485903181,6.96457891660307
"N06W077",900,30,30,"100km",2028.48332192669,13.0980688019161,16.3992745603569
"N06W077",900,30,30,"100km",52.839054829226,3.80850110522276,2.46357240598502
"N06W077",900,30,30,"100km",1942.38495080495,8.00537628866592,6.96791649273111
"N06W077",900,30,30,"250km",60.2443535824392,2.31660342313607,0.901320629795624
"N06W077",900,30,30,"250km",1333.34761942945,9.66721267409013,9.93802559833289
"N06W077",900,30,30,"250km",224.667074512295,7.79057268928703,7.21969879321354
"N06W077",900,30,30,"250km",854.767022778117,8.35657689534357,7.89578439529764
"N06W077",900,30,30,"250km",2023.87770522425,11.5061093283373,14.2467312420062
"N67E131",900,30,30,"5km",504.640048313859,3.50311432501534,1.45052105913416
"N67E131",900,30,30,"5km",589.336041740304,3.47995371965599,1.49671299365248
"N67E131",900,30,30,"5km",529.176466520428,3.09909616636426,1.078843146688
"N67E131",900,30,30,"5km",649.15536451233,4.80573083871838,2.6380606329164
"N67E131",900,30,30,"5km",563.98840532655,4.23558855637227,2.17087634715323
"N67E131",900,30,30,"10km",436.044110943281,2.62623802072431,0.802217300261815
"N67E131",900,30,30,"10km",355.934797520022,2.30735844775765,0.685562077424118
"N67E131",900,30,30,"10km",433.385319858279,1.11936028111994,0.161524337726897
"N67E131",900,30,30,"10km",273.173546986275,3.1087523749317,2.00549056004816
"N67E131",900,30,30,"10km",658.41446521443,2.80635891363178,0.923355008575147
"N67E131",900,30,30,"100km",417.956548251951,2.6288078179232,0.876565833260458
"N67E131",900,30,30,"100km",503.65304656158,2.07010987172202,0.538342638911658
"N67E131",900,30,30,"100km",747.366747723118,4.57170790012368,2.47307236038008
"N67E131",900,30,30,"100km",660.809351768446,3.08053575813737,1.14379081681191
"N67E131",900,30,30,"100km",605.60993145473,2.33397095950617,0.679990376694314
"N67E131",900,30,30,"250km",423.118657365566,2.55983722073437,0.839746263535541
"N67E131",900,30,30,"250km",463.977594490184,2.34872152885625,0.766697935586616
"N67E131",900,30,30,"250km",671.340341405601,2.75799140574352,0.931558368713468
"N67E131",900,30,30,"250km",417.550612303968,3.05054300465463,1.14783025444137
"N67E131",900,30,30,"250km",181.220362856703,2.8697031210205,1.09959708679946
"N02E117",900,30,30,"5km",92.3185899245637,4.4452316442898,2.51970302438009
"N02E117",900,30,30,"5km",71.7123824846455,4.76114786814235,2.74550040126546
"N02E117",900,30,30,"5km",0,0,0
"N02E117",900,30,30,"5km",2.71508636906151,0.523679213479907,0.128893236858784
"N02E117",900,30,30,"5km",4.95173496148098,0.970279036351996,0.512269182709834
"N02E117",900,30,30,"10km",70.9264977649493,6.00348193609602,5.22618012091221
"N02E117",900,30,30,"10km",81.8007759583517,2.66929352683791,0.891500170682319
"N02E117",900,30,30,"10km",110.396290160782,4.85485218069863,2.91379389410568
"N02E117",900,30,30,"10km",70.0867659879096,5.59507593668168,3.84528010067835
"N02E117",900,30,30,"10km",31.3764594225771,2.00055181671808,0.728522599243751
"N02E117",900,30,30,"100km",82.4798087890678,4.9706740359025,3.15283992049411
"N02E117",900,30,30,"100km",0,0,0
"N02E117",900,30,30,"100km",22.8595076994448,2.62051478745573,0.91967963586353
"N02E117",900,30,30,"100km",18.8034959744215,2.8217451883653,1.13175674718882
"N02E117",900,30,30,"100km",33.5549157759154,2.89528151104355,1.12547483477217
"N02E117",900,30,30,"250km",22.9947072224576,2.40678811753132,0.776209148320485
"N02E117",900,30,30,"250km",97.868274664181,4.49409418476377,2.51409385820276
"N02E117",900,30,30,"250km",195.02040608996,5.06452718548052,3.74568129588171
"N02E117",900,30,30,"250km",5.98980382194618,0.918615005147256,0.289750943284412
"N02E117",900,30,30,"250km",39.5699733163219,1.20241783724959,0.189679920357362
"S69E132",900,30,30,"5km",2367.66997756161,5.85315009048088,4.50337123964075
"S69E132",900,30,30,"5km",2336.58138774928,2.55194119551932,1.0157554562255
"S69E132",900,30,30,"5km",2107.68081548209,1.97757921157985,0.535907209299295
"S69E132",900,30,30,"5km",2181.69960685687,1.69400707746306,0.380042970346027
"S69E132",900,30,30,"5km",2353.14896580378,4.56704246646475,3.1430744385157
"S69E132",900,30,30,"10km",2371.33115393446,0.656494668497755,0.0510284592762559
"S69E132",900,30,30,"10km",2012.97235533969,1.38559936599823,0.260782096325825
"S69E132",900,30,30,"10km",2041.27680811178,2.11843261721051,0.601836953660676
"S69E132",900,30,30,"10km",1931.705201754,2.36260391848867,0.842446731921346
"S69E132",900,30,30,"10km",1910.02939577969,3.62782948261388,1.79577215337522
"S69E132",900,30,30,"100km",2220.73955398331,2.48224530752338,0.799115888294986
"S69E132",900,30,30,"100km",2039.14836897344,2.27449783824603,0.70790872135067
"S69E132",900,30,30,"100km",2104.75615510695,1.8028621379974,0.446815706411099
"S69E132",900,30,30,"100km",2012.77143992063,1.74408978907199,0.412366910675375
"S69E132",900,30,30,"100km",1938.11865842408,2.30889498749423,0.733352370710495
"S69E132",900,30,30,"250km",2212.75189118662,1.40995559575595,0.267511259542259
"S69E132",900,30,30,"250km",2189.79569411263,1.37870564031066,0.253679698901581
"S69E132",900,30,30,"250km",2157.79332409389,2.41939563472372,0.782791412702593
"S69E132",900,30,30,"250km",1982.28271924502,2.48451795528448,0.862623957320046
"S69E132",900,30,30,"250km",2138.04079620674,1.75586167805487,0.412126576928161
"S77E109",900,30,30,"5km",3383.90371979159,4.30030559172508,3.71521709897744
"S77E109",900,30,30,"5km",3390.47921590127,2.23350433806062,1.01529381450023
"S77E109",900,30,30,"5km",3417.30942661147,7.03069459445076,9.82893210738379
"S77E109",900,30,30,"5km",3507.58216263345,3.45652292470142,1.83272410226016
"S77E109",900,30,30,"5km",3418.62740485799,0.634753636176337,0.0773268459052908
"S77E109",900,30,30,"10km",3378.66431198733,0.766594664816944,0.108065793180494
"S77E109",900,30,30,"10km",3426.72731967542,3.18610069826463,1.37921211968087
"S77E109",900,30,30,"10km",3433.53529379665,1.2440637195807,0.25335827740861
"S77E109",900,30,30,"10km",3442.89641256372,1.07768944440583,0.200537297393991
"S77E109",900,30,30,"10km",3399.20817790481,0.965597807426597,0.133746105330577
"S77E109",900,30,30,"100km",3541.69923377676,11.7745282329671,18.8780382817126
"S77E109",900,30,30,"100km",3362.94061471454,2.36279640844695,1.49345114988904
"S77E109",900,30,30,"100km",3348.33746983656,1.59148377298531,0.414024325059313
"S77E109",900,30,30,"100km",3412.1402695219,0.773807178189767,0.0837339038826641
"S77E109",900,30,30,"100km",3433.22760179801,1.08851389519665,0.283780650985259
"S77E109",900,30,30,"250km",3593.76958988556,9.23163889956446,12.5258333327016
"S77E109",900,30,30,"250km",3373.24809901763,1.07927773547216,0.172833971900265
"S77E109",900,30,30,"250km",3379.27504051495,1.6713798179927,0.938206535695078
"S77E109",900,30,30,"250km",3382.12781163326,1.13874668424058,0.186245078824177
"S77E109",900,30,30,"250km",3248.58662044627,12.472320141465,19.5989835689806
"N64E147",900.000000000001,30,30,"5km",1613.73726391316,7.64653350064679,6.99890018617192
"N64E147",900.000000000001,30,30,"5km",1135.71023912657,10.6158759064351,11.7143521693948
"N64E147",900.000000000001,30,30,"5km",1591.89276602773,9.953538290284,10.6373706956677
"N64E147",900.000000000001,30,30,"5km",1212.23791578617,3.10634885794057,1.08769411301366
"N64E147",900.000000000001,30,30,"5km",858.148552224019,3.72648030733316,1.83928875306719
"N64E147",900.000000000001,30,30,"10km",917.963593128264,2.91591587717001,1.15912336948749
"N64E147",900.000000000001,30,30,"10km",1513.93144888585,6.06335557540937,4.48250099016268
"N64E147",900.000000000001,30,30,"10km",679.053413050495,3.34138858638932,1.49465435257529
"N64E147",900.000000000001,30,30,"10km",1079.8921713903,4.18026689684406,2.51015245576414
"N64E147",900.000000000001,30,30,"10km",1004.07821710829,6.53116198319562,5.21465478160852
"N64E147",900.000000000001,30,30,"100km",1119.03229155344,7.61821593978815,7.07076342966608
"N64E147",900.000000000001,30,30,"100km",875.421096390987,5.09200420526832,3.2216620018045
"N64E147",900.000000000001,30,30,"100km",707.135843407906,3.28467880253683,1.52843631734572
"N64E147",900.000000000001,30,30,"100km",847.04001003747,3.19720334308677,1.40934924149426
"N64E147",900.000000000001,30,30,"100km",1265.22280491195,8.62842966949339,9.1384161256292
"N64E147",900.000000000001,30,30,"250km",929.252067781412,3.63343558747642,1.64231920047116
"N64E147",900.000000000001,30,30,"250km",863.567331069927,3.23398306922649,1.40648680500447
"N64E147",900.000000000001,30,30,"250km",1006.48522914767,6.46253285112074,4.99268528674849
"N64E147",900.000000000001,30,30,"250km",961.529618356691,8.04741980733388,7.49978714997969
"N64E147",900.000000000001,30,30,"250km",1394.82621658811,9.81324759563385,10.8029833463674
"S40W071",900,30,30,"5km",845.044191977772,6.12923135565482,4.58489352296929
"S40W071",900,30,30,"5km",1135.75715785146,2.43801982154586,0.771290983070599
"S40W071",900,30,30,"5km",1357.91661879246,4.18538297532939,2.16818739298021
"S40W071",900,30,30,"5km",716.518822187323,2.10763736084186,0.584518151128823
"S40W071",900,30,30,"5km",1118.2898368984,5.89009510637337,3.94433106778874
"S40W071",900,30,30,"10km",816.01287649058,4.05077132208755,2.13125722846607
"S40W071",900,30,30,"10km",1043.86792852086,2.23956025381481,0.686653624591894
"S40W071",900,30,30,"10km",1153.4426850583,4.08184253433877,2.63271959522843
"S40W071",900,30,30,"10km",1315.36739686867,2.39245993781361,0.719200447747813
"S40W071",900,30,30,"10km",1244.26223332996,4.81196022829,2.82133399666899
"S40W071",900,30,30,"100km",1418.29666635105,5.76356513263473,4.22761864539536
"S40W071",900,30,30,"100km",1189.33393259934,4.11998320763604,2.11573394015093
"S40W071",900,30,30,"100km",825.796716255061,1.78880478571118,0.41080825535917
"S40W071",900,30,30,"100km",1471.13619505507,7.54306040702841,6.1206788415646
"S40W071",900,30,30,"100km",1129.35243006661,6.38308345456047,5.32873273295582
"S40W071",900,30,30,"250km",844.757867499087,4.36118505232709,2.50664629240585
"S40W071",900,30,30,"250km",1324.20387868425,2.04249844355665,0.556531620666988
"S40W071",900,30,30,"250km",1079.57582122752,3.04724523266226,1.15845628248282
"S40W071",900,30,30,"250km",1185.31627368218,2.74509946054661,1.08709592331469
"S40W071",900,30,30,"250km",875.381953186407,2.54024627200361,0.835921109444391
"N41E059",900,30,30,"5km",100.685157493481,1.31870485454817,0.231140394164383
"N41E059",900,30,30,"5km",98.460347434187,1.35360258921291,0.241466505480965
"N41E059",900,30,30,"5km",73.211177376199,2.06606669940246,0.620774159730764
"N41E059",900,30,30,"5km",109.555572466837,1.59872095928938,0.338577409631251
"N41E059",900,30,30,"5km",93.172790742121,1.90183027060823,0.470679272738178
"N41E059",900,30,30,"10km",79.6800778296026,1.28225447258937,0.218033162063935
"N41E059",900,30,30,"10km",78.0317031310663,1.40602616847193,0.267242071790012
"N41E059",900,30,30,"10km",73.2810207117763,1.35197179088822,0.238968381532757
"N41E059",900,30,30,"10km",90.2825558343219,1.54015906791426,0.30388320840945
"N41E059",900,30,30,"10km",83.2444176211028,1.45616152363603,0.275802661953455
"N41E059",900,30,30,"100km",69.8702863028038,1.25148904985198,0.212495118940473
"N41E059",900,30,30,"100km",107.611647573616,1.41480504269658,0.262895476781217
"N41E059",900,30,30,"100km",102.008135548358,1.60260216413405,0.335466660453564
"N41E059",900,30,30,"100km",72.4270220197077,1.52464376512916,0.315394044195481
"N41E059",900,30,30,"100km",98.6928074698846,1.45965999240163,0.283154050406008
"N41E059",900,30,30,"250km",105.923774229998,1.47581964918587,0.291894648879184
"N41E059",900,30,30,"250km",106.522125310939,1.358494995591,0.242557501186188
"N41E059",900,30,30,"250km",77.6740175069051,1.60789291875081,0.350624819337778
"N41E059",900,30,30,"250km",97.294130004598,1.45856101446021,0.282352446437939
"N41E059",900,30,30,"250km",82.9253096847851,1.46557090135538,0.287002151672393
"N36E042",900,30,30,"5km",345.915281877921,1.44207744681135,0.269787931996272
"N36E042",900,30,30,"5km",397.140077909916,1.44730968886948,0.291560039398424
"N36E042",900,30,30,"5km",322.251430273638,1.13731337184902,0.17085221611627
"N36E042",900,30,30,"5km",298.951656086001,1.20033685390866,0.197156555806557
"N36E042",900,30,30,"5km",333.273810657019,1.67732514981719,0.342795024454137
"N36E042",900,30,30,"10km",393.030819893076,3.32544978171842,1.34908625660396
"N36E042",900,30,30,"10km",429.133606473226,1.83869265334817,0.436129510714949
"N36E042",900,30,30,"10km",317.11123900682,1.4814629649692,0.296559357010971
"N36E042",900,30,30,"10km",262.666791094039,1.53885903412564,0.31662288354204
"N36E042",900,30,30,"10km",318.44328471269,1.50390948574386,0.276202362619272
"N36E042",900,30,30,"100km",365.710044424625,1.49417999838436,0.300068912944201
"N36E042",900,30,30,"100km",336.395404545262,1.32628111456505,0.226807743926086
"N36E042",900,30,30,"100km",327.902336758291,1.34572936694805,0.243298199813876
"N36E042",900,30,30,"100km",357.009714325672,1.19890150371097,0.202104379177302
"N36E042",900,30,30,"100km",417.810867941293,1.55029822001206,0.316962562509986
"N36E042",900,30,30,"250km",364.360318996876,1.32900703768677,0.247713366646939
"N36E042",900,30,30,"250km",236.11421653916,1.41977556472584,0.27621319816791
"N36E042",900,30,30,"250km",431.30377002707,1.26902765808999,0.222205986943735
"N36E042",900,30,30,"250km",317.789920345774,4.7675933831484,2.72736349575647
"N36E042",900,30,30,"250km",296.605777323943,1.28176019083181,0.210744093504774
"N36E132",900,30,30,"5km",0,0,-2.52637417159152e-14
"N36E132",900,30,30,"5km",0,0,-2.52637417159152e-14
"N36E132",900,30,30,"5km",0,0,-2.52637417159152e-14
"N36E132",900,30,30,"5km",0,0,-2.52637417159152e-14
"N36E132",900,30,30,"5km",0,0,-2.52637417159152e-14
"N36E132",900,30,30,"10km",0,0,-2.52637417159153e-14
"N36E132",900,30,30,"10km",0,0,-2.52637417159153e-14
"N36E132",900,30,30,"10km",0,0,-2.52637417159153e-14
"N36E132",900,30,30,"10km",0,0,-2.52637417159153e-14
"N36E132",900,30,30,"10km",0,0,-2.52637417159153e-14
"N36E132",900,30,30,"100km",0,0,-2.52637417159151e-14
"N36E132",900,30,30,"100km",0,0,-2.52637417159133e-14
"N36E132",900,30,30,"100km",0,0,-2.52637417159133e-14
"N36E132",900,30,30,"100km",0,0,-2.52637417159133e-14
"N36E132",900,30,30,"100km",0,0,-2.52637417159133e-14
"N36E132",900,30,30,"250km",0,0,-2.52637417159122e-14
"N36E132",900,30,30,"250km",0,0,-2.52637417159122e-14
"N36E132",900,30,30,"250km",0,0,-2.52637417159122e-14
"N36E132",900,30,30,"250km",0,0,-2.52637417159122e-14
"N36E132",900,30,30,"250km",0,0,-2.52637417159122e-14
"N69E118",900,30,30,"5km",239.412282143091,3.67980546956793,2.09464825546923
"N69E118",900,30,30,"5km",169.779273027469,3.97561623517816,2.1125703181327
"N69E118",900,30,30,"5km",132.08160747036,3.16483210755218,1.39614273809295
"N69E118",900,30,30,"5km",143.023284127807,2.98237579002804,1.18080808682802
"N69E118",900,30,30,"5km",207.080575993737,5.29766282129313,3.76655595191766
"N69E118",900,30,30,"10km",214.770621194199,3.23461446207389,1.32752958525201
"N69E118",900,30,30,"10km",229.64730174124,2.65757891192343,0.96125168186277
"N69E118",900,30,30,"10km",217.361338699599,3.70150491216333,1.65024931535507
"N69E118",900,30,30,"10km",264.064937127938,2.20859498071908,0.653366902467691
"N69E118",900,30,30,"10km",194.379231879715,3.1240161239392,1.20417501411061
"N69E118",900,30,30,"100km",100.764058233191,2.72251108879312,0.948396304874877
"N69E118",900,30,30,"100km",165.987118351515,3.27234984493077,1.47540419867959
"N69E118",900,30,30,"100km",92.3765194374332,2.66899273941165,0.928719729694834
"N69E118",900,30,30,"100km",158.938762986468,2.89986305233617,1.13194930867031
"N69E118",900,30,30,"100km",173.947864165363,4.12163668813895,2.42438764098099
"N69E118",900,30,30,"250km",195.673536563972,2.79698342107453,1.03185602811663
"N69E118",900,30,30,"250km",111.482012000617,3.14708770160881,1.32467676767117
"N69E118",900,30,30,"250km",123.046781900228,4.73620905778594,3.20214575932747
"N69E118",900,30,30,"250km",200.381648171245,5.95776120459241,5.5920790708709
"N69E118",900,30,30,"250km",41.9441621595698,0.611727602573698,0.258043301568901
"N67E174",900,30,30,"5km",271.455739201529,2.3447032114845,0.767179715131625
"N67E174",900,30,30,"5km",343.510283260043,2.9195287255597,1.18056428599146
"N67E174",900,30,30,"5km",523.184021370417,7.02986545223033,5.61170282656649
"N67E174",900,30,30,"5km",439.492766785187,4.89534303871506,3.69876407090735
"N67E174",900,30,30,"5km",478.185127270817,2.39957279072835,0.817882609128714
"N67E174",900,30,30,"10km",492.241823045018,4.43638226202149,2.18325749631973
"N67E174",900,30,30,"10km",361.505443942897,3.81640802942494,1.97035148855594
"N67E174",900,30,30,"10km",635.26524887276,7.20332829204829,6.23310168029657
"N67E174",900,30,30,"10km",422.295820248746,4.07272150116807,1.95823240397916
"N67E174",900,30,30,"10km",146.847654015883,2.6802172435223,1.00123008296077
"N67E174",900,30,30,"100km",607.70732568185,6.70749028422772,5.20281451294795
"N67E174",900,30,30,"100km",300.896299568217,4.4210997272987,2.40924623903442
"N67E174",900,30,30,"100km",745.469086671993,10.5650232132307,11.7773379486365
"N67E174",900,30,30,"100km",552.948358920853,4.75320197259781,2.64329642256186
"N67E174",900,30,30,"100km",209.493925513415,2.85898089361209,1.1077314668462
"N67E174",900,30,30,"250km",190.651840403447,2.60463469751009,0.87361866109474
"N67E174",900,30,30,"250km",526.310350918902,5.31460345798851,3.57959204269366
"N67E174",900,30,30,"250km",383.433558945777,4.16440528820636,2.32585030933184
"N67E174",900,30,30,"250km",689.864546465779,6.52542931654162,4.80572994772713
"N67E174",900,30,30,"250km",405.93149540606,3.14265887319927,1.29044734926942
